model,transform,condition,ed_over_d
QNN,identity,1.0,0.8984248324316566
QNN,pairing=0;m=-5,726.9986244815418,0.5896372341427489
QNN,pairing=0;m=-4,321.9968943799908,0.6256729526402739
QNN,pairing=0;m=-3,118.99159604515542,0.6788087996710144
QNN,pairing=0;m=-2,33.970562748477114,0.7533790268454156
QNN,pairing=0;m=-1,6.854101966249686,0.8441257348814822
QNN,pairing=0;m=+1,6.854101966249686,0.8455911353115232
QNN,pairing=0;m=+2,33.970562748477114,0.7545750394874411
QNN,pairing=0;m=+3,118.99159604515542,0.6793222775323037
QNN,pairing=0;m=+4,321.9968943799908,0.62566510724914
QNN,pairing=0;m=+5,726.9986244815418,0.589350901738895
QNN,pairing=1;m=-5,726.9986244815769,0.5941185010792831
QNN,pairing=1;m=-4,321.99689437999075,0.6299450211743737
QNN,pairing=1;m=-3,118.9915960451559,0.6831525708255575
QNN,pairing=1;m=-2,33.970562748477164,0.7578726983950336
QNN,pairing=1;m=-1,6.854101966249688,0.847761391954459
QNN,pairing=1;m=+1,6.854101966249688,0.8438070297714335
QNN,pairing=1;m=+2,33.970562748477164,0.7539784355293353
QNN,pairing=1;m=+3,118.9915960451559,0.6802361440800848
QNN,pairing=1;m=+4,321.99689437999075,0.627953419718242
QNN,pairing=1;m=+5,726.9986244815769,0.5928205446653209
QNN,pairing=2;m=-5,726.9986244815769,0.5941174668945761
QNN,pairing=2;m=-4,321.99689437999075,0.6300809059831469
QNN,pairing=2;m=-3,118.9915960451559,0.6832130221143257
QNN,pairing=2;m=-2,33.970562748477185,0.7574232458742938
QNN,pairing=2;m=-1,6.854101966249688,0.8465385243328732
QNN,pairing=2;m=+1,6.854101966249688,0.8467199049636009
QNN,pairing=2;m=+2,33.970562748477185,0.7576561956702632
QNN,pairing=2;m=+3,118.9915960451559,0.6834633303943909
QNN,pairing=2;m=+4,321.99689437999075,0.6303092668695706
QNN,pairing=2;m=+5,726.9986244815769,0.594304274877019
QNN,pairing=3;m=-5,726.9986244815769,0.586896040522489
QNN,pairing=3;m=-4,321.99689437999075,0.6219053431602661
QNN,pairing=3;m=-3,118.9915960451559,0.6749797935746076
QNN,pairing=3;m=-2,33.970562748477185,0.7511096610452934
QNN,pairing=3;m=-1,6.854101966249688,0.8449798186116757
QNN,pairing=3;m=+1,6.854101966249688,0.8384576657106522
QNN,pairing=3;m=+2,33.970562748477185,0.7448311572755892
QNN,pairing=3;m=+3,118.9915960451559,0.670212401675016
QNN,pairing=3;m=+4,321.99689437999075,0.6184509374468672
QNN,pairing=3;m=+5,726.9986244815769,0.5844080232206943
QNN,pairing=4;m=-5,726.9986244815769,0.5898001344579047
QNN,pairing=4;m=-4,321.99689437999075,0.6257641182822545
QNN,pairing=4;m=-3,118.9915960451559,0.6798840165613489
QNN,pairing=4;m=-2,33.97056274847725,0.7567455454545341
QNN,pairing=4;m=-1,6.854101966249688,0.8496396008031523
QNN,pairing=4;m=+1,6.854101966249688,0.8366189296641486
QNN,pairing=4;m=+2,33.97056274847725,0.7443128825454217
QNN,pairing=4;m=+3,118.9915960451559,0.6707937447790809
QNN,pairing=4;m=+4,321.99689437999075,0.6195604012053054
QNN,pairing=4;m=+5,726.9986244815769,0.585644140072196
QNN,pairing=5;m=-5,726.9986244815769,0.5922959736430007
QNN,pairing=5;m=-4,321.99689437999075,0.6275793310028658
QNN,pairing=5;m=-3,118.9915960451559,0.680790110565854
QNN,pairing=5;m=-2,33.970562748477164,0.7564914645216311
QNN,pairing=5;m=-1,6.854101966249688,0.8482488094695062
QNN,pairing=5;m=+1,6.854101966249688,0.8397822069724696
QNN,pairing=5;m=+2,33.970562748477164,0.7483635361147047
QNN,pairing=5;m=+3,118.9915960451559,0.6748625035694461
QNN,pairing=5;m=+4,321.99689437999075,0.6235890580488063
QNN,pairing=5;m=+5,726.9986244815769,0.589702164605295
QNN,pairing=6;m=-5,726.9986244815769,0.5889598619520768
QNN,pairing=6;m=-4,321.99689437999075,0.6248098467366217
QNN,pairing=6;m=-3,118.9915960451559,0.6783968878032168
QNN,pairing=6;m=-2,33.970562748477185,0.7541967714032816
QNN,pairing=6;m=-1,6.854101966249688,0.8463225892709698
QNN,pairing=6;m=+1,6.854101966249688,0.8409204545980058
QNN,pairing=6;m=+2,33.970562748477185,0.7488518479998316
QNN,pairing=6;m=+3,118.9915960451559,0.6742212440351968
QNN,pairing=6;m=+4,321.99689437999075,0.6217402592552518
QNN,pairing=6;m=+5,726.9986244815769,0.5867827080188145
QNN,pairing=7;m=-5,726.9986244815769,0.5823717206576664
QNN,pairing=7;m=-4,321.99689437999075,0.617332719651876
QNN,pairing=7;m=-3,118.9915960451559,0.6704350926237258
QNN,pairing=7;m=-2,33.970562748477185,0.7470232671250885
QNN,pairing=7;m=-1,6.854101966249688,0.8425774047533791
QNN,pairing=7;m=+1,6.854101966249688,0.8372181662006906
QNN,pairing=7;m=+2,33.970562748477185,0.7418852461724674
QNN,pairing=7;m=+3,118.9915960451559,0.6664665001765524
QNN,pairing=7;m=+4,321.99689437999075,0.6143510674944819
QNN,pairing=7;m=+5,726.9986244815769,0.5801259055573488
QNN,pairing=8;m=-5,726.9986244815769,0.5889756720163432
QNN,pairing=8;m=-4,321.99689437999075,0.6242322446659273
QNN,pairing=8;m=-3,118.9915960451559,0.677192331449909
QNN,pairing=8;m=-2,33.970562748477185,0.7524127271578941
QNN,pairing=8;m=-1,6.854101966249688,0.8444637315213483
QNN,pairing=8;m=+1,6.854101966249688,0.8426960507908777
QNN,pairing=8;m=+2,33.970562748477185,0.7506318460542694
QNN,pairing=8;m=+3,118.9915960451559,0.6757325230744382
QNN,pairing=8;m=+4,321.99689437999075,0.6230752011646628
QNN,pairing=8;m=+5,726.9986244815769,0.5880736948479284
QNN,pairing=9;m=-5,726.9986244815769,0.5890979620755926
QNN,pairing=9;m=-4,321.99689437999075,0.6246481898280096
QNN,pairing=9;m=-3,118.9915960451559,0.6777249770899616
QNN,pairing=9;m=-2,33.970562748477185,0.7528046794308639
QNN,pairing=9;m=-1,6.854101966249688,0.8444590580361275
QNN,pairing=9;m=+1,6.854101966249688,0.8435503551422
QNN,pairing=9;m=+2,33.970562748477185,0.7518847464566716
QNN,pairing=9;m=+3,118.9915960451559,0.6769967074098442
QNN,pairing=9;m=+4,321.99689437999075,0.624138599261643
QNN,pairing=9;m=+5,726.9986244815769,0.5887944778787654
QNN,pairing=10;m=-5,726.9986244815769,0.5809888890009214
QNN,pairing=10;m=-4,321.99689437999075,0.6147707782708036
QNN,pairing=10;m=-3,118.9915960451559,0.6667366838333295
QNN,pairing=10;m=-2,33.970562748477185,0.7424857433069303
QNN,pairing=10;m=-1,6.854101966249688,0.8383762871678462
QNN,pairing=10;m=+1,6.854101966249688,0.8402005924278377
QNN,pairing=10;m=+2,33.970562748477185,0.7442367856871215
QNN,pairing=10;m=+3,118.9915960451559,0.6680639621001982
QNN,pairing=10;m=+4,321.99689437999075,0.6156743831458829
QNN,pairing=10;m=+5,726.9986244815769,0.5815314580037197
QNN,pairing=11;m=-5,726.9986244815769,0.5894081648515346
QNN,pairing=11;m=-4,321.99689437999075,0.6246028029890561
QNN,pairing=11;m=-3,118.9915960451559,0.6776584611760956
QNN,pairing=11;m=-2,33.970562748477185,0.7532480168140445
QNN,pairing=11;m=-1,6.854101966249688,0.8456482529118425
QNN,pairing=11;m=+1,6.854101966249688,0.8409663698223984
QNN,pairing=11;m=+2,33.970562748477185,0.7488311738462695
QNN,pairing=11;m=+3,118.9915960451559,0.6745302087914581
QNN,pairing=11;m=+4,321.99689437999075,0.6225685425250607
QNN,pairing=11;m=+5,726.9986244815769,0.5881229999610149
QNN,pairing=12;m=-5,726.9986244815769,0.5798672513897002
QNN,pairing=12;m=-4,321.99689437999075,0.6144886255975359
QNN,pairing=12;m=-3,118.9915960451559,0.6676288630578541
QNN,pairing=12;m=-2,33.970562748477185,0.7449138448559509
QNN,pairing=12;m=-1,6.854101966249688,0.8420836885001467
QNN,pairing=12;m=+1,6.854101966249688,0.8343741719927606
QNN,pairing=12;m=+2,33.970562748477185,0.7375950748632921
QNN,pairing=12;m=+3,118.9915960451559,0.6620334960037735
QNN,pairing=12;m=+4,321.99689437999075,0.6103985025651908
QNN,pairing=12;m=+5,726.9986244815769,0.5769093526468192
QNN,pairing=13;m=-5,726.9986244815769,0.5962086584127684
QNN,pairing=13;m=-4,321.99689437999075,0.6325144868263468
QNN,pairing=13;m=-3,118.9915960451559,0.6861396028479907
QNN,pairing=13;m=-2,33.970562748477185,0.7609139427162915
QNN,pairing=13;m=-1,6.854101966249688,0.8498582662459195
QNN,pairing=13;m=+1,6.854101966249688,0.8437031033532865
QNN,pairing=13;m=+2,33.970562748477185,0.7547267495660432
QNN,pairing=13;m=+3,118.9915960451559,0.6813076898880502
QNN,pairing=13;m=+4,321.99689437999075,0.6289266768893436
QNN,pairing=13;m=+5,726.9986244815769,0.593546161250139
QNN,pairing=14;m=-5,726.9986244815769,0.5849489901629912
QNN,pairing=14;m=-4,321.99689437999075,0.6199532104206029
QNN,pairing=14;m=-3,118.9915960451559,0.6726506087688375
QNN,pairing=14;m=-2,33.970562748477185,0.7480169273753824
QNN,pairing=14;m=-1,6.854101966249688,0.8415770222995658
QNN,pairing=14;m=+1,6.854101966249688,0.8421975882041954
QNN,pairing=14;m=+2,33.970562748477185,0.7485463302321501
QNN,pairing=14;m=+3,118.9915960451559,0.6729470646606643
QNN,pairing=14;m=+4,321.99689437999075,0.6200740577657096
QNN,pairing=14;m=+5,726.9986244815769,0.5849701038494881
QNN,pairing=15;m=-5,726.998624481578,0.583495315663268
QNN,pairing=15;m=-4,321.99689437999075,0.6185616790249647
QNN,pairing=15;m=-3,118.99159604515596,0.672080636908313
QNN,pairing=15;m=-2,33.970562748477185,0.7492931468798032
QNN,pairing=15;m=-1,6.854101966249688,0.8449282321874424
QNN,pairing=15;m=+1,6.854101966249688,0.8353584136634626
QNN,pairing=15;m=+2,33.970562748477185,0.7404348788091307
QNN,pairing=15;m=+3,118.99159604515596,0.6658225850643664
QNN,pairing=15;m=+4,321.99689437999075,0.6145139730415792
QNN,pairing=15;m=+5,726.998624481578,0.5810239760841642
QNN,pairing=16;m=-5,726.9986244815769,0.5883073143741884
QNN,pairing=16;m=-4,321.99689437999075,0.6225939643311401
QNN,pairing=16;m=-3,118.9915960451559,0.6753499444703422
QNN,pairing=16;m=-2,33.970562748477185,0.7517890884101106
QNN,pairing=16;m=-1,6.854101966249688,0.8462682474447479
QNN,pairing=16;m=+1,6.854101966249688,0.8360438856632936
QNN,pairing=16;m=+2,33.970562748477185,0.7420855931404107
QNN,pairing=16;m=+3,118.9915960451559,0.6681382873675833
QNN,pairing=16;m=+4,321.99689437999075,0.61748542005458
QNN,pairing=16;m=+5,726.9986244815769,0.5846999084566751
QNN,pairing=17;m=-5,726.9986244815769,0.5825036573182644
QNN,pairing=17;m=-4,321.99689437999075,0.6159571111382215
QNN,pairing=17;m=-3,118.9915960451559,0.6678626249550108
QNN,pairing=17;m=-2,33.970562748477185,0.744067528418236
QNN,pairing=17;m=-1,6.854101966249688,0.8405870894078893
QNN,pairing=17;m=+1,6.854101966249688,0.8366852634982804
QNN,pairing=17;m=+2,33.970562748477185,0.7404528452161891
QNN,pairing=17;m=+3,118.9915960451559,0.6652212736293445
QNN,pairing=17;m=+4,321.99689437999075,0.6140817641157301
QNN,pairing=17;m=+5,726.9986244815769,0.5811330345494211
QNN,pairing=18;m=-5,726.9986244815769,0.5909372204506331
QNN,pairing=18;m=-4,321.99689437999075,0.6270097499322056
QNN,pairing=18;m=-3,118.9915960451559,0.6807562549737134
QNN,pairing=18;m=-2,33.970562748477185,0.7564940329467646
QNN,pairing=18;m=-1,6.854101966249688,0.8478892878047887
QNN,pairing=18;m=+1,6.854101966249688,0.8409489063729956
QNN,pairing=18;m=+2,33.970562748477185,0.7497293899306079
QNN,pairing=18;m=+3,118.9915960451559,0.6756826743778145
QNN,pairing=18;m=+4,321.99689437999075,0.6234698113744802
QNN,pairing=18;m=+5,726.9986244815769,0.5885330133455294
QNN,pairing=19;m=-5,726.9986244815769,0.5915095580385431
QNN,pairing=19;m=-4,321.99689437999075,0.6277274150068778
QNN,pairing=19;m=-3,118.9915960451559,0.6818187226252468
QNN,pairing=19;m=-2,33.970562748477185,0.7579572823903042
QNN,pairing=19;m=-1,6.854101966249688,0.8493773510531424
QNN,pairing=19;m=+1,6.854101966249688,0.8396241748354771
QNN,pairing=19;m=+2,33.970562748477185,0.7485415998311822
QNN,pairing=19;m=+3,118.9915960451559,0.6749142048254577
QNN,pairing=19;m=+4,321.99689437999075,0.6230688074538808
QNN,pairing=19;m=+5,726.9986244815769,0.5884895320949609
QNN,pairing=20;m=-5,726.998624481578,0.5903213524054031
QNN,pairing=20;m=-4,321.99689437999075,0.6259310040026917
QNN,pairing=20;m=-3,118.99159604515596,0.6795196424593131
QNN,pairing=20;m=-2,33.970562748477185,0.7556122590795209
QNN,pairing=20;m=-1,6.854101966249688,0.8479289307801592
QNN,pairing=20;m=+1,6.854101966249688,0.8390674736912761
QNN,pairing=20;m=+2,33.970562748477185,0.7471084889927115
QNN,pairing=20;m=+3,118.99159604515596,0.6733329601908673
QNN,pairing=20;m=+4,321.99689437999075,0.6218837073988052
QNN,pairing=20;m=+5,726.998624481578,0.5878843319355058
QNN,pairing=21;m=-5,726.9986244815769,0.5914165664332309
QNN,pairing=21;m=-4,321.99689437999075,0.6273322833371452
QNN,pairing=21;m=-3,118.9915960451559,0.6807947489858628
QNN,pairing=21;m=-2,33.970562748477185,0.7558646811295352
QNN,pairing=21;m=-1,6.854101966249688,0.8463926847846469
QNN,pairing=21;m=+1,6.854101966249688,0.844177673324426
QNN,pairing=21;m=+2,33.970562748477185,0.7537175499863539
QNN,pairing=21;m=+3,118.9915960451559,0.6792178157296848
QNN,pairing=21;m=+4,321.99689437999075,0.626251044029841
QNN,pairing=21;m=+5,726.9986244815769,0.5906688304031151
QNN,pairing=22;m=-5,726.9986244815769,0.5842588571002805
QNN,pairing=22;m=-4,321.99689437999075,0.6187577814007124
QNN,pairing=22;m=-3,118.9915960451559,0.6714696800020077
QNN,pairing=22;m=-2,33.97056274847714,0.7475918031495624
QNN,pairing=22;m=-1,6.854101966249688,0.8423894735201891
QNN,pairing=22;m=+1,6.854101966249688,0.8389960982889229
QNN,pairing=22;m=+2,33.97056274847714,0.7444025465975301
QNN,pairing=22;m=+3,118.9915960451559,0.6691497740544576
QNN,pairing=22;m=+4,321.99689437999075,0.6171631132418586
QNN,pairing=22;m=+5,726.9986244815769,0.5831605189714516
QNN,pairing=23;m=-5,726.9986244815769,0.5879169421213595
QNN,pairing=23;m=-4,321.99689437999075,0.6229665919351333
QNN,pairing=23;m=-3,118.9915960451559,0.67618855731034
QNN,pairing=23;m=-2,33.970562748477185,0.7523973112094268
QNN,pairing=23;m=-1,6.854101966249688,0.8458107304073138
QNN,pairing=23;m=+1,6.854101966249688,0.8388461320332367
QNN,pairing=23;m=+2,33.970562748477185,0.7456871803331169
QNN,pairing=23;m=+3,118.9915960451559,0.6711259181726306
QNN,pairing=23;m=+4,321.99689437999075,0.6193501849023821
QNN,pairing=23;m=+5,726.9986244815769,0.5853868801292738
QNN,pairing=24;m=-5,726.9986244815769,0.584277624782768
QNN,pairing=24;m=-4,321.99689437999075,0.6187612207468904
QNN,pairing=24;m=-3,118.9915960451559,0.6711728924013156
QNN,pairing=24;m=-2,33.970562748477185,0.7468177713398572
QNN,pairing=24;m=-1,6.854101966249688,0.8414264587853856
QNN,pairing=24;m=+1,6.854101966249688,0.8399378504754772
QNN,pairing=24;m=+2,33.970562748477185,0.7453245005104727
QNN,pairing=24;m=+3,118.9915960451559,0.6699200381732444
QNN,pairing=24;m=+4,321.99689437999075,0.6177329240522198
QNN,pairing=24;m=+5,726.9986244815769,0.5834501648851732
QNN,pairing=25;m=-5,726.998624481578,0.587713335402748
QNN,pairing=25;m=-4,321.99689437999075,0.6222941048905298
QNN,pairing=25;m=-3,118.99159604515596,0.6747905315472582
QNN,pairing=25;m=-2,33.97056274847718,0.7501818143646594
QNN,pairing=25;m=-1,6.854101966249688,0.8433935918171747
QNN,pairing=25;m=+1,6.854101966249688,0.8411934326273443
QNN,pairing=25;m=+2,33.97056274847718,0.748016730813905
QNN,pairing=25;m=+3,118.99159604515596,0.6730253440929316
QNN,pairing=25;m=+4,321.99689437999075,0.6208275382473148
QNN,pairing=25;m=+5,726.998624481578,0.5864726799634574
QNN,pairing=26;m=-5,726.9986244815769,0.5904781734648984
QNN,pairing=26;m=-4,321.99689437999075,0.6262333027579191
QNN,pairing=26;m=-3,118.9915960451559,0.679603160418518
QNN,pairing=26;m=-2,33.970562748477185,0.7549969319997346
QNN,pairing=26;m=-1,6.854101966249688,0.8464153875285932
QNN,pairing=26;m=+1,6.854101966249688,0.842292333470336
QNN,pairing=26;m=+2,33.970562748477185,0.7510517877417064
QNN,pairing=26;m=+3,118.9915960451559,0.6767272446700161
QNN,pairing=26;m=+4,321.99689437999075,0.6242409769252327
QNN,pairing=26;m=+5,726.9986244815769,0.5890853020917556
QNN,pairing=27;m=-5,726.9986244815769,0.5893117399102177
QNN,pairing=27;m=-4,321.99689437999075,0.6250339130866405
QNN,pairing=27;m=-3,118.9915960451559,0.6788235621806099
QNN,pairing=27;m=-2,33.970562748477185,0.7553814614188201
QNN,pairing=27;m=-1,6.854101966249688,0.8484165328299236
QNN,pairing=27;m=+1,6.854101966249688,0.8372669379806265
QNN,pairing=27;m=+2,33.970562748477185,0.7447598167305831
QNN,pairing=27;m=+3,118.9915960451559,0.671096808442843
QNN,pairing=27;m=+4,321.99689437999075,0.6198682878801296
QNN,pairing=27;m=+5,726.9986244815769,0.5860130007483026
QNN,pairing=28;m=-5,726.998624481578,0.592318758781785
QNN,pairing=28;m=-4,321.99689437999075,0.6279896971292844
QNN,pairing=28;m=-3,118.99159604515596,0.6815016869999254
QNN,pairing=28;m=-2,33.970562748477164,0.7572892620435103
QNN,pairing=28;m=-1,6.854101966249688,0.8487427132900965
QNN,pairing=28;m=+1,6.854101966249688,0.8400074553700454
QNN,pairing=28;m=+2,33.970562748477164,0.7488254948663357
QNN,pairing=28;m=+3,118.99159604515596,0.6752227313095629
QNN,pairing=28;m=+4,321.99689437999075,0.6236594572763552
QNN,pairing=28;m=+5,726.998624481578,0.5894218719050748
QNN,pairing=29;m=-5,726.998624481578,0.5905911755658824
QNN,pairing=29;m=-4,321.99689437999075,0.626299440124156
QNN,pairing=29;m=-3,118.99159604515596,0.679902870359876
QNN,pairing=29;m=-2,33.970562748477185,0.7558185389268087
QNN,pairing=29;m=-1,6.854101966249688,0.8476974692746768
QNN,pairing=29;m=+1,6.854101966249688,0.840251279875137
QNN,pairing=29;m=+2,33.970562748477185,0.7486868418908434
QNN,pairing=29;m=+3,118.99159604515596,0.6747442993064483
QNN,pairing=29;m=+4,321.99689437999075,0.6229186344422838
QNN,pairing=29;m=+5,726.998624481578,0.5885298138941819
QNN,pairing=30;m=-5,726.9986244815769,0.5856794650915115
QNN,pairing=30;m=-4,321.99689437999075,0.6203650421268259
QNN,pairing=30;m=-3,118.9915960451559,0.6732741631074052
QNN,pairing=30;m=-2,33.970562748477185,0.7494867635897524
QNN,pairing=30;m=-1,6.854101966249688,0.843835163946977
QNN,pairing=30;m=+1,6.854101966249688,0.8387262709646143
QNN,pairing=30;m=+2,33.970562748477185,0.7446877471494194
QNN,pairing=30;m=+3,118.9915960451559,0.6697305841186153
QNN,pairing=30;m=+4,321.99689437999075,0.6177482308277151
QNN,pairing=30;m=+5,726.9986244815769,0.5836179201658385
QNN,pairing=31;m=-5,726.9986244815769,0.5914575509715636
QNN,pairing=31;m=-4,321.99689437999075,0.6270862685300086
QNN,pairing=31;m=-3,118.9915960451559,0.680250519832824
QNN,pairing=31;m=-2,33.970562748477185,0.7553103855457274
QNN,pairing=31;m=-1,6.854101966249688,0.846310916242051
QNN,pairing=31;m=+1,6.854101966249688,0.843067097420865
QNN,pairing=31;m=+2,33.970562748477185,0.7520860236861667
QNN,pairing=31;m=+3,118.9915960451559,0.67774620435471
QNN,pairing=31;m=+4,321.99689437999075,0.6252593306439699
QNN,pairing=31;m=+5,726.9986244815769,0.5901453210375582
QNN,pairing=32;m=-5,726.998624481578,0.5950122457641723
QNN,pairing=32;m=-4,321.99689437999075,0.6305747702693295
QNN,pairing=32;m=-3,118.99159604515596,0.6833453282919484
QNN,pairing=32;m=-2,33.970562748477185,0.7576380997033298
QNN,pairing=32;m=-1,6.854101966249688,0.8473373116315306
QNN,pairing=32;m=+1,6.854101966249688,0.8443231178741012
QNN,pairing=32;m=+2,33.970562748477185,0.7545080782582231
QNN,pairing=32;m=+3,118.99159604515596,0.6806937433367065
QNN,pairing=32;m=+4,321.99689437999075,0.6283921969410234
QNN,pairing=32;m=+5,726.998624481578,0.5932488040437826
QNN,pairing=33;m=-5,726.9986244815769,0.5911470942010155
QNN,pairing=33;m=-4,321.99689437999075,0.6273352809435309
QNN,pairing=33;m=-3,118.9915960451559,0.6810882907386129
QNN,pairing=33;m=-2,33.970562748477185,0.7568224474167347
QNN,pairing=33;m=-1,6.854101966249688,0.8481938381041358
QNN,pairing=33;m=+1,6.854101966249688,0.8406592881805061
QNN,pairing=33;m=+2,33.970562748477185,0.749466522697454
QNN,pairing=33;m=+3,118.9915960451559,0.6755018239987203
QNN,pairing=33;m=+4,321.99689437999075,0.6233038524143479
QNN,pairing=33;m=+5,726.9986244815769,0.5882865638173497
QNN,pairing=34;m=-5,726.9986244815769,0.5946353254498501
QNN,pairing=34;m=-4,321.99689437999075,0.6299801409608274
QNN,pairing=34;m=-3,118.9915960451559,0.6827748624518354
QNN,pairing=34;m=-2,33.970562748477164,0.7574416145473168
QNN,pairing=34;m=-1,6.854101966249688,0.8476954077333758
QNN,pairing=34;m=+1,6.854101966249688,0.8430399850548171
QNN,pairing=34;m=+2,33.970562748477164,0.7529142018231159
QNN,pairing=34;m=+3,118.9915960451559,0.6793987561615321
QNN,pairing=34;m=+4,321.99689437999075,0.6275727068228145
QNN,pairing=34;m=+5,726.9986244815769,0.5928965737449783
QNN,pairing=35;m=-5,726.998624481578,0.5931567149019162
QNN,pairing=35;m=-4,321.99689437999075,0.6287832503535231
QNN,pairing=35;m=-3,118.99159604515596,0.6818788079743915
QNN,pairing=35;m=-2,33.970562748477185,0.7566777598001839
QNN,pairing=35;m=-1,6.854101966249688,0.8470215442871801
QNN,pairing=35;m=+1,6.854101966249688,0.843616425423862
QNN,pairing=35;m=+2,33.970562748477185,0.753275400389161
QNN,pairing=35;m=+3,118.99159604515596,0.6791958056147686
QNN,pairing=35;m=+4,321.99689437999075,0.6267473058082571
QNN,pairing=35;m=+5,726.998624481578,0.5916070660495144
QNN,pairing=36;m=-5,726.9986244815769,0.5923455353653344
QNN,pairing=36;m=-4,321.99689437999075,0.627864781831146
QNN,pairing=36;m=-3,118.9915960451559,0.6809119067335857
QNN,pairing=36;m=-2,33.970562748477164,0.7558994133466744
QNN,pairing=36;m=-1,6.854101966249688,0.8467586923525214
QNN,pairing=36;m=+1,6.854101966249688,0.8428146616755108
QNN,pairing=36;m=+2,33.970562748477164,0.7519183397288947
QNN,pairing=36;m=+3,118.9915960451559,0.6776890826839881
QNN,pairing=36;m=+4,321.99689437999075,0.6253191868427466
QNN,pairing=36;m=+5,726.9986244815769,0.5903082224164177
QNN,pairing=37;m=-5,726.9986244815769,0.5897440643729935
QNN,pairing=37;m=-4,321.99689437999075,0.6247498939617036
QNN,pairing=37;m=-3,118.9915960451559,0.6774902011606485
QNN,pairing=37;m=-2,33.970562748477185,0.7525973839256357
QNN,pairing=37;m=-1,6.854101966249688,0.8446033253580655
QNN,pairing=37;m=+1,6.854101966249688,0.8425567954900407
QNN,pairing=37;m=+2,33.970562748477185,0.7504994310766804
QNN,pairing=37;m=+3,118.9915960451559,0.6757099237875624
QNN,pairing=37;m=+4,321.99689437999075,0.6232846817609097
QNN,pairing=37;m=+5,726.9986244815769,0.588577575458811
QNN,pairing=38;m=-5,726.9986244815769,0.5965543648170833
QNN,pairing=38;m=-4,321.99689437999075,0.6330568626323478
QNN,pairing=38;m=-3,118.9915960451559,0.6866785781801535
QNN,pairing=38;m=-2,33.970562748477185,0.7611695991735896
QNN,pairing=38;m=-1,6.854101966249688,0.8495687564842219
QNN,pairing=38;m=+1,6.854101966249688,0.8451637436239645
QNN,pairing=38;m=+2,33.970562748477185,0.7568657075859284
QNN,pairing=38;m=+3,118.9915960451559,0.6835672870856981
QNN,pairing=38;m=+4,321.99689437999075,0.6310191051273056
QNN,pairing=38;m=+5,726.9986244815769,0.5952700030146248
QNN,pairing=39;m=-5,726.9986244815769,0.5856783425368941
QNN,pairing=39;m=-4,321.99689437999075,0.6198942151962269
QNN,pairing=39;m=-3,118.9915960451559,0.6720370031666489
QNN,pairing=39;m=-2,33.970562748477185,0.7472346628339431
QNN,pairing=39;m=-1,6.854101966249688,0.841028792001223
QNN,pairing=39;m=+1,6.854101966249688,0.8421665287040632
QNN,pairing=39;m=+2,33.970562748477185,0.748299512342108
QNN,pairing=39;m=+3,118.9915960451559,0.6727927460862764
QNN,pairing=39;m=+4,321.99689437999075,0.6203861184105011
QNN,pairing=39;m=+5,726.9986244815769,0.5859901692070315
QNN,pairing=40;m=-5,726.9986244815769,0.5834508472150174
QNN,pairing=40;m=-4,321.99689437999075,0.6182216150462461
QNN,pairing=40;m=-3,118.9915960451559,0.6710003300386664
QNN,pairing=40;m=-2,33.970562748477164,0.7471638599229437
QNN,pairing=40;m=-1,6.854101966249688,0.8422293867995826
QNN,pairing=40;m=+1,6.854101966249688,0.8384703192008643
QNN,pairing=40;m=+2,33.970562748477164,0.7435259822324083
QNN,pairing=40;m=+3,118.9915960451559,0.6681570281610535
QNN,pairing=40;m=+4,321.99689437999075,0.6160758451645869
QNN,pairing=40;m=+5,726.9986244815769,0.5818591218636885
QNN,pairing=41;m=-5,726.9986244815769,0.5917379713619569
QNN,pairing=41;m=-4,321.99689437999075,0.6276991335067266
QNN,pairing=41;m=-3,118.9915960451559,0.6809567322241162
QNN,pairing=41;m=-2,33.970562748477185,0.7555261982306904
QNN,pairing=41;m=-1,6.854101966249688,0.8454906852723616
QNN,pairing=41;m=+1,6.854101966249688,0.8461912793209851
QNN,pairing=41;m=+2,33.970562748477185,0.7562728875656021
QNN,pairing=41;m=+3,118.9915960451559,0.68161032736399
QNN,pairing=41;m=+4,321.99689437999075,0.6282459656938555
QNN,pairing=41;m=+5,726.9986244815769,0.5921875613776971
QNN,pairing=42;m=-5,726.9986244815769,0.5850781558187307
QNN,pairing=42;m=-4,321.99689437999075,0.6189693855207506
QNN,pairing=42;m=-3,118.9915960451559,0.6711677119072005
QNN,pairing=42;m=-2,33.970562748477185,0.747319297540624
QNN,pairing=42;m=-1,6.854101966249688,0.8428819516865256
QNN,pairing=42;m=+1,6.854101966249688,0.8365420212517508
QNN,pairing=42;m=+2,33.970562748477185,0.7412083267180829
QNN,pairing=42;m=+3,118.9915960451559,0.6664148572332367
QNN,pairing=42;m=+4,321.99689437999075,0.6154058508733498
QNN,pairing=42;m=+5,726.9986244815769,0.5824226438630331
QNN,pairing=43;m=-5,726.9986244815769,0.5792066168600328
QNN,pairing=43;m=-4,321.99689437999075,0.6132105141952692
QNN,pairing=43;m=-3,118.9915960451559,0.6656957446174808
QNN,pairing=43;m=-2,33.970562748477185,0.7425015104441706
QNN,pairing=43;m=-1,6.854101966249688,0.8398801831190938
QNN,pairing=43;m=+1,6.854101966249688,0.8356885631476441
QNN,pairing=43;m=+2,33.970562748477185,0.738529024552889
QNN,pairing=43;m=+3,118.9915960451559,0.6626533986376713
QNN,pairing=43;m=+4,321.99689437999075,0.6109527964381387
QNN,pairing=43;m=+5,726.9986244815769,0.5775162038834625
QNN,pairing=44;m=-5,726.9986244815769,0.5857274659294497
QNN,pairing=44;m=-4,321.99689437999075,0.619957182938122
QNN,pairing=44;m=-3,118.9915960451559,0.6721215237155003
QNN,pairing=44;m=-2,33.970562748477185,0.7474341087705295
QNN,pairing=44;m=-1,6.854101966249688,0.8414441557649521
QNN,pairing=44;m=+1,6.854101966249688,0.8411848262279922
QNN,pairing=44;m=+2,33.970562748477185,0.7470778697686893
QNN,pairing=44;m=+3,118.9915960451559,0.6716817984460478
QNN,pairing=44;m=+4,321.99689437999075,0.619491108231723
QNN,pairing=44;m=+5,726.9986244815769,0.5853037719231421
QNN,pairing=45;m=-5,726.9986244815769,0.5893676644862722
QNN,pairing=45;m=-4,321.99689437999075,0.6246872174868965
QNN,pairing=45;m=-3,118.9915960451559,0.677787903762211
QNN,pairing=45;m=-2,33.970562748477185,0.7531834340613661
QNN,pairing=45;m=-1,6.854101966249688,0.8451709428078082
QNN,pairing=45;m=+1,6.854101966249688,0.842281136150417
QNN,pairing=45;m=+2,33.970562748477185,0.750381791283621
QNN,pairing=45;m=+3,118.9915960451559,0.6756763779877398
QNN,pairing=45;m=+4,321.99689437999075,0.6231747170857018
QNN,pairing=45;m=+5,726.9986244815769,0.5882984256133412
QNN,pairing=46;m=-5,726.998624481578,0.5920904272536978
QNN,pairing=46;m=-4,321.99689437999075,0.6287724092129159
QNN,pairing=46;m=-3,118.99159604515596,0.6835330068935364
QNN,pairing=46;m=-2,33.970562748477164,0.760575288858087
QNN,pairing=46;m=-1,6.854101966249688,0.8524447406216205
QNN,pairing=46;m=+1,6.854101966249688,0.8360866759923807
QNN,pairing=46;m=+2,33.970562748477164,0.7446738273395554
QNN,pairing=46;m=+3,118.99159604515596,0.6716035810259134
QNN,pairing=46;m=+4,321.99689437999075,0.6203991941187984
QNN,pairing=46;m=+5,726.998624481578,0.5863632567538783
QNN,pairing=47;m=-5,726.9986244815769,0.5871962475593907
QNN,pairing=47;m=-4,321.99689437999075,0.6223968676753641
QNN,pairing=47;m=-3,118.9915960451559,0.6751995672640833
QNN,pairing=47;m=-2,33.970562748477185,0.7503748653888358
QNN,pairing=47;m=-1,6.854101966249688,0.8429187720010072
QNN,pairing=47;m=+1,6.854101966249688,0.8432056370188846
QNN,pairing=47;m=+2,33.970562748477185,0.7506472987226482
QNN,pairing=47;m=+3,118.9915960451559,0.6753906362393126
QNN,pairing=47;m=+4,321.99689437999075,0.6225110149281278
QNN,pairing=47;m=+5,726.9986244815769,0.58725277592971
QNN,pairing=48;m=-5,726.9986244815769,0.588120250383459
QNN,pairing=48;m=-4,321.99689437999075,0.6229454911633825
QNN,pairing=48;m=-3,118.9915960451559,0.6756632835033664
QNN,pairing=48;m=-2,33.970562748477185,0.7510067886420794
QNN,pairing=48;m=-1,6.854101966249688,0.8436815984454066
QNN,pairing=48;m=+1,6.854101966249688,0.8422209095164105
QNN,pairing=48;m=+2,33.970562748477185,0.7496401146554823
QNN,pairing=48;m=+3,118.9915960451559,0.6746993058160522
QNN,pairing=48;m=+4,321.99689437999075,0.6223116819503481
QNN,pairing=48;m=+5,726.9986244815769,0.5877074737246084
QNN,pairing=49;m=-5,726.9986244815769,0.5863586698080907
QNN,pairing=49;m=-4,321.99689437999075,0.6226439145892236
QNN,pairing=49;m=-3,118.9915960451559,0.6770739613595393
QNN,pairing=49;m=-2,33.970562748477185,0.7541839680966883
QNN,pairing=49;m=-1,6.854101966249688,0.8477195609938635
QNN,pairing=49;m=+1,6.854101966249688,0.8373014681934314
QNN,pairing=49;m=+2,33.970562748477185,0.7442698635234765
QNN,pairing=49;m=+3,118.9915960451559,0.6698395404508027
QNN,pairing=49;m=+4,321.99689437999075,0.6177546929318865
QNN,pairing=49;m=+5,726.9986244815769,0.5831823440061108
easy QNN,identity,1.0,0.7714541404650445
easy QNN,pairing=0;m=-5,726.9986244815418,0.5368952952213525
easy QNN,pairing=0;m=-4,321.9968943799908,0.55988975501518
easy QNN,pairing=0;m=-3,118.99159604515542,0.5961244622428936
easy QNN,pairing=0;m=-2,33.970562748477114,0.6514679041224611
easy QNN,pairing=0;m=-1,6.854101966249686,0.7251747663777494
easy QNN,pairing=0;m=+1,6.854101966249686,0.7250270237666983
easy QNN,pairing=0;m=+2,33.970562748477114,0.6509601373082359
easy QNN,pairing=0;m=+3,118.99159604515542,0.5954775390582456
easy QNN,pairing=0;m=+4,321.9968943799908,0.5592401006104769
easy QNN,pairing=0;m=+5,726.9986244815418,0.5362978255307217
easy QNN,pairing=1;m=-5,726.9986244815769,0.5413949526615045
easy QNN,pairing=1;m=-4,321.99689437999075,0.5639997617513728
easy QNN,pairing=1;m=-3,118.9915960451559,0.6000560265187221
easy QNN,pairing=1;m=-2,33.970562748477164,0.655508245779573
easy QNN,pairing=1;m=-1,6.854101966249688,0.7288288886103829
easy QNN,pairing=1;m=+1,6.854101966249688,0.722406684468643
easy QNN,pairing=1;m=+2,33.970562748477164,0.6495767534848429
easy QNN,pairing=1;m=+3,118.9915960451559,0.5957967979468305
easy QNN,pairing=1;m=+4,321.99689437999075,0.5610060855420096
easy QNN,pairing=1;m=+5,726.9986244815769,0.5392574817167005
easy QNN,pairing=2;m=-5,726.9986244815769,0.537166025671223
easy QNN,pairing=2;m=-4,321.99689437999075,0.5589565767982727
easy QNN,pairing=2;m=-3,118.9915960451559,0.5940723204252483
easy QNN,pairing=2;m=-2,33.970562748477185,0.6488094415409661
easy QNN,pairing=2;m=-1,6.854101966249688,0.723206458802907
easy QNN,pairing=2;m=+1,6.854101966249688,0.7252201023162076
easy QNN,pairing=2;m=+2,33.970562748477185,0.6509007460472478
easy QNN,pairing=2;m=+3,118.9915960451559,0.5957573501577056
easy QNN,pairing=2;m=+4,321.99689437999075,0.5602249558472647
easy QNN,pairing=2;m=+5,726.9986244815769,0.5380966360933688
easy QNN,pairing=3;m=-5,726.9986244815769,0.5366920228197791
easy QNN,pairing=3;m=-4,321.99689437999075,0.5587768209817459
easy QNN,pairing=3;m=-3,118.9915960451559,0.5944545751018131
easy QNN,pairing=3;m=-2,33.970562748477185,0.6502396500228061
easy QNN,pairing=3;m=-1,6.854101966249688,0.7259005774895186
easy QNN,pairing=3;m=+1,6.854101966249688,0.7198114649010161
easy QNN,pairing=3;m=+2,33.970562748477185,0.6447758344844219
easy QNN,pairing=3;m=+3,118.9915960451559,0.5905731087217032
easy QNN,pairing=3;m=+4,321.99689437999075,0.5560821836735088
easy QNN,pairing=3;m=+5,726.9986244815769,0.5348245397272577
easy QNN,pairing=4;m=-5,726.9986244815769,0.536611222522671
easy QNN,pairing=4;m=-4,321.99689437999075,0.5584823014769872
easy QNN,pairing=4;m=-3,118.9915960451559,0.5940613411408677
easy QNN,pairing=4;m=-2,33.97056274847725,0.6500282272758436
easy QNN,pairing=4;m=-1,6.854101966249688,0.7263080173275223
easy QNN,pairing=4;m=+1,6.854101966249688,0.7184626000031954
easy QNN,pairing=4;m=+2,33.97056274847725,0.6435472395828252
easy QNN,pairing=4;m=+3,118.9915960451559,0.5899573355034472
easy QNN,pairing=4;m=+4,321.99689437999075,0.5559716055073094
easy QNN,pairing=4;m=+5,726.9986244815769,0.5350763378797067
easy QNN,pairing=5;m=-5,726.9986244815769,0.5381287683749058
easy QNN,pairing=5;m=-4,321.99689437999075,0.5597509475736105
easy QNN,pairing=5;m=-3,118.9915960451559,0.5950088471053612
easy QNN,pairing=5;m=-2,33.970562748477164,0.6504989379461447
easy QNN,pairing=5;m=-1,6.854101966249688,0.7260481825881533
easy QNN,pairing=5;m=+1,6.854101966249688,0.7195261906761774
easy QNN,pairing=5;m=+2,33.970562748477164,0.6447742545005825
easy QNN,pairing=5;m=+3,118.9915960451559,0.5912307059165326
easy QNN,pairing=5;m=+4,321.99689437999075,0.5574820547093917
easy QNN,pairing=5;m=+5,726.9986244815769,0.536857005712996
easy QNN,pairing=6;m=-5,726.9986244815769,0.5380606663181481
easy QNN,pairing=6;m=-4,321.99689437999075,0.5605241279273032
easy QNN,pairing=6;m=-3,118.9915960451559,0.5964099433824576
easy QNN,pairing=6;m=-2,33.970562748477185,0.6518059290923628
easy QNN,pairing=6;m=-1,6.854101966249688,0.7259968129767495
easy QNN,pairing=6;m=+1,6.854101966249688,0.7232482027673579
easy QNN,pairing=6;m=+2,33.970562748477185,0.649286113904399
easy QNN,pairing=6;m=+3,118.9915960451559,0.594657126603552
easy QNN,pairing=6;m=+4,321.99689437999075,0.5594281321652663
easy QNN,pairing=6;m=+5,726.9986244815769,0.5374041556214005
easy QNN,pairing=7;m=-5,726.9986244815769,0.5314385198013131
easy QNN,pairing=7;m=-4,321.99689437999075,0.5533733105717175
easy QNN,pairing=7;m=-3,118.9915960451559,0.5890943926652904
easy QNN,pairing=7;m=-2,33.970562748477185,0.6454871745538437
easy QNN,pairing=7;m=-1,6.854101966249688,0.7233486637558102
easy QNN,pairing=7;m=+1,6.854101966249688,0.7170416835825468
easy QNN,pairing=7;m=+2,33.970562748477185,0.6397018537512134
easy QNN,pairing=7;m=+3,118.9915960451559,0.5848835392485271
easy QNN,pairing=7;m=+4,321.99689437999075,0.5503924826638362
easy QNN,pairing=7;m=+5,726.9986244815769,0.529295877843339
easy QNN,pairing=8;m=-5,726.9986244815769,0.539596408805999
easy QNN,pairing=8;m=-4,321.99689437999075,0.5618027937439856
easy QNN,pairing=8;m=-3,118.9915960451559,0.5972757336664275
easy QNN,pairing=8;m=-2,33.970562748477185,0.6521470971941377
easy QNN,pairing=8;m=-1,6.854101966249688,0.725882363003744
easy QNN,pairing=8;m=+1,6.854101966249688,0.7241409657837748
easy QNN,pairing=8;m=+2,33.970562748477185,0.6507312903661785
easy QNN,pairing=8;m=+3,118.9915960451559,0.5962977241640178
easy QNN,pairing=8;m=+4,321.99689437999075,0.5610619885452459
easy QNN,pairing=8;m=+5,726.9986244815769,0.5390262649466646
easy QNN,pairing=9;m=-5,726.9986244815769,0.535484391764426
easy QNN,pairing=9;m=-4,321.99689437999075,0.5574661554639478
easy QNN,pairing=9;m=-3,118.9915960451559,0.5928289716020413
easy QNN,pairing=9;m=-2,33.970562748477185,0.6479916309865408
easy QNN,pairing=9;m=-1,6.854101966249688,0.7231391553779549
easy QNN,pairing=9;m=+1,6.854101966249688,0.7237845081768514
easy QNN,pairing=9;m=+2,33.970562748477185,0.6488682286993834
easy QNN,pairing=9;m=+3,118.9915960451559,0.5937631743839042
easy QNN,pairing=9;m=+4,321.99689437999075,0.5583340522821356
easy QNN,pairing=9;m=+5,726.9986244815769,0.5362872008439571
easy QNN,pairing=10;m=-5,726.9986244815769,0.530737948795498
easy QNN,pairing=10;m=-4,321.99689437999075,0.5516247002809391
easy QNN,pairing=10;m=-3,118.9915960451559,0.5860123565391067
easy QNN,pairing=10;m=-2,33.970562748477185,0.6409889587434152
easy QNN,pairing=10;m=-1,6.854101966249688,0.7185338737095317
easy QNN,pairing=10;m=+1,6.854101966249688,0.7216535552450298
easy QNN,pairing=10;m=+2,33.970562748477185,0.6440265890676435
easy QNN,pairing=10;m=+3,118.9915960451559,0.5883663271067292
easy QNN,pairing=10;m=+4,321.99689437999075,0.5533627589961184
easy QNN,pairing=10;m=+5,726.9986244815769,0.5319971153282814
easy QNN,pairing=11;m=-5,726.9986244815769,0.5406359963381268
easy QNN,pairing=11;m=-4,321.99689437999075,0.5628217347501435
easy QNN,pairing=11;m=-3,118.9915960451559,0.5982647098486042
easy QNN,pairing=11;m=-2,33.970562748477185,0.6530205841318402
easy QNN,pairing=11;m=-1,6.854101966249688,0.7264646959713018
easy QNN,pairing=11;m=+1,6.854101966249688,0.7243908092776816
easy QNN,pairing=11;m=+2,33.970562748477185,0.6517453331208547
easy QNN,pairing=11;m=+3,118.9915960451559,0.5978417229401107
easy QNN,pairing=11;m=+4,321.99689437999075,0.5629088405691687
easy QNN,pairing=11;m=+5,726.9986244815769,0.54101458841879
easy QNN,pairing=12;m=-5,726.9986244815769,0.5310725765197241
easy QNN,pairing=12;m=-4,321.99689437999075,0.5527104424077418
easy QNN,pairing=12;m=-3,118.9915960451559,0.5881202510452084
easy QNN,pairing=12;m=-2,33.970562748477185,0.6442725570454073
easy QNN,pairing=12;m=-1,6.854101966249688,0.7222529161322242
easy QNN,pairing=12;m=+1,6.854101966249688,0.7175078091772039
easy QNN,pairing=12;m=+2,33.970562748477185,0.6398105147030914
easy QNN,pairing=12;m=+3,118.9915960451559,0.5849148820646041
easy QNN,pairing=12;m=+4,321.99689437999075,0.5505203122097615
easy QNN,pairing=12;m=+5,726.9986244815769,0.5295257652402572
easy QNN,pairing=13;m=-5,726.9986244815769,0.5449576428934613
easy QNN,pairing=13;m=-4,321.99689437999075,0.5680057046449707
easy QNN,pairing=13;m=-3,118.9915960451559,0.6042447761024399
easy QNN,pairing=13;m=-2,33.970562748477185,0.6590771988742047
easy QNN,pairing=13;m=-1,6.854101966249688,0.7303541660850722
easy QNN,pairing=13;m=+1,6.854101966249688,0.7251488009564782
easy QNN,pairing=13;m=+2,33.970562748477185,0.6541484202267994
easy QNN,pairing=13;m=+3,118.9915960451559,0.6005606238305703
easy QNN,pairing=13;m=+4,321.99689437999075,0.5652614599562477
easy QNN,pairing=13;m=+5,726.9986244815769,0.5428352633666855
easy QNN,pairing=14;m=-5,726.9986244815769,0.5321953015973843
easy QNN,pairing=14;m=-4,321.99689437999075,0.5539952234822463
easy QNN,pairing=14;m=-3,118.9915960451559,0.5891535673091646
easy QNN,pairing=14;m=-2,33.970562748477185,0.6443082876670727
easy QNN,pairing=14;m=-1,6.854101966249688,0.7206044829998005
easy QNN,pairing=14;m=+1,6.854101966249688,0.722981820100304
easy QNN,pairing=14;m=+2,33.970562748477185,0.6465977310331734
easy QNN,pairing=14;m=+3,118.9915960451559,0.5909302065444016
easy QNN,pairing=14;m=+4,321.99689437999075,0.5552959802632138
easy QNN,pairing=14;m=+5,726.9986244815769,0.5331389730053446
easy QNN,pairing=15;m=-5,726.998624481578,0.5331355870775567
easy QNN,pairing=15;m=-4,321.99689437999075,0.5546992328294539
easy QNN,pairing=15;m=-3,118.99159604515596,0.5900840304726349
easy QNN,pairing=15;m=-2,33.970562748477185,0.646351880791692
easy QNN,pairing=15;m=-1,6.854101966249688,0.7241524473514899
easy QNN,pairing=15;m=+1,6.854101966249688,0.7169440638514255
easy QNN,pairing=15;m=+2,33.970562748477185,0.6404022327444223
easy QNN,pairing=15;m=+3,118.99159604515596,0.5863493590464242
easy QNN,pairing=15;m=+4,321.99689437999075,0.5524313432207165
easy QNN,pairing=15;m=+5,726.998624481578,0.5317371180623794
easy QNN,pairing=16;m=-5,726.9986244815769,0.5384288909195486
easy QNN,pairing=16;m=-4,321.99689437999075,0.5591957751335326
easy QNN,pairing=16;m=-3,118.9915960451559,0.5935540910624717
easy QNN,pairing=16;m=-2,33.970562748477185,0.6484534267966902
easy QNN,pairing=16;m=-1,6.854101966249688,0.7244385873908883
easy QNN,pairing=16;m=+1,6.854101966249688,0.719225141788348
easy QNN,pairing=16;m=+2,33.970562748477185,0.6438558583112758
easy QNN,pairing=16;m=+3,118.9915960451559,0.5904137256629147
easy QNN,pairing=16;m=+4,321.99689437999075,0.5571509763484134
easy QNN,pairing=16;m=+5,726.9986244815769,0.5370948207473816
easy QNN,pairing=17;m=-5,726.9986244815769,0.530933589269699
easy QNN,pairing=17;m=-4,321.99689437999075,0.5512083430703832
easy QNN,pairing=17;m=-3,118.9915960451559,0.5850600545510514
easy QNN,pairing=17;m=-2,33.970562748477185,0.6399550229467189
easy QNN,pairing=17;m=-1,6.854101966249688,0.7184854698600933
easy QNN,pairing=17;m=+1,6.854101966249688,0.7180716486241043
easy QNN,pairing=17;m=+2,33.970562748477185,0.639603163716925
easy QNN,pairing=17;m=+3,118.9915960451559,0.5846678377509381
easy QNN,pairing=17;m=+4,321.99689437999075,0.5507425873541939
easy QNN,pairing=17;m=+5,726.9986244815769,0.5304354941088145
easy QNN,pairing=18;m=-5,726.9986244815769,0.5372331178130567
easy QNN,pairing=18;m=-4,321.99689437999075,0.5600840138656936
easy QNN,pairing=18;m=-3,118.9915960451559,0.5964031246759183
easy QNN,pairing=18;m=-2,33.970562748477185,0.6522074703223386
easy QNN,pairing=18;m=-1,6.854101966249688,0.726547229055507
easy QNN,pairing=18;m=+1,6.854101966249688,0.7227253923024985
easy QNN,pairing=18;m=+2,33.970562748477185,0.6487765494195481
easy QNN,pairing=18;m=+3,118.9915960451559,0.5941652911013593
easy QNN,pairing=18;m=+4,321.99689437999075,0.5587780706247728
easy QNN,pairing=18;m=+5,726.9986244815769,0.5365284090952229
easy QNN,pairing=19;m=-5,726.9986244815769,0.5376146703459364
easy QNN,pairing=19;m=-4,321.99689437999075,0.5601935909379294
easy QNN,pairing=19;m=-3,118.9915960451559,0.5964316374303593
easy QNN,pairing=19;m=-2,33.970562748477185,0.6525234750882402
easy QNN,pairing=19;m=-1,6.854101966249688,0.7273716083534958
easy QNN,pairing=19;m=+1,6.854101966249688,0.7216212165098251
easy QNN,pairing=19;m=+2,33.970562748477185,0.6477264463362106
easy QNN,pairing=19;m=+3,118.9915960451559,0.5934195546844003
easy QNN,pairing=19;m=+4,321.99689437999075,0.5584372688404282
easy QNN,pairing=19;m=+5,726.9986244815769,0.5366668893664263
easy QNN,pairing=20;m=-5,726.998624481578,0.5361021342682055
easy QNN,pairing=20;m=-4,321.99689437999075,0.5579335545597528
easy QNN,pairing=20;m=-3,118.99159604515596,0.5934038659245247
easy QNN,pairing=20;m=-2,33.970562748477185,0.6491110221652827
easy QNN,pairing=20;m=-1,6.854101966249688,0.7251310627967736
easy QNN,pairing=20;m=+1,6.854101966249688,0.7197494052672446
easy QNN,pairing=20;m=+2,33.970562748477185,0.6446444141989132
easy QNN,pairing=20;m=+3,118.99159604515596,0.5905960305733696
easy QNN,pairing=20;m=+4,321.99689437999075,0.5563083526978987
easy QNN,pairing=20;m=+5,726.998624481578,0.5352244705340954
easy QNN,pairing=21;m=-5,726.9986244815769,0.5357618299258812
easy QNN,pairing=21;m=-4,321.99689437999075,0.5576845595749309
easy QNN,pairing=21;m=-3,118.9915960451559,0.5933041700545315
easy QNN,pairing=21;m=-2,33.970562748477185,0.6492206330365888
easy QNN,pairing=21;m=-1,6.854101966249688,0.7252804371637851
easy QNN,pairing=21;m=+1,6.854101966249688,0.7199495131661828
easy QNN,pairing=21;m=+2,33.970562748477185,0.6445289406997885
easy QNN,pairing=21;m=+3,118.9915960451559,0.5900476536042188
easy QNN,pairing=21;m=+4,321.99689437999075,0.5554536892353739
easy QNN,pairing=21;m=+5,726.9986244815769,0.5342146431578465
easy QNN,pairing=22;m=-5,726.9986244815769,0.532850818105873
easy QNN,pairing=22;m=-4,321.99689437999075,0.5545419437605674
easy QNN,pairing=22;m=-3,118.9915960451559,0.58999244377622
easy QNN,pairing=22;m=-2,33.97056274847714,0.6460666553375354
easy QNN,pairing=22;m=-1,6.854101966249688,0.7233938608921209
easy QNN,pairing=22;m=+1,6.854101966249688,0.7187244263195031
easy QNN,pairing=22;m=+2,33.97056274847714,0.6421751488660795
easy QNN,pairing=22;m=+3,118.9915960451559,0.5874688577557061
easy QNN,pairing=22;m=+4,321.99689437999075,0.552966286214778
easy QNN,pairing=22;m=+5,726.9986244815769,0.5318546375047886
easy QNN,pairing=23;m=-5,726.9986244815769,0.5366035586230161
easy QNN,pairing=23;m=-4,321.99689437999075,0.5586242554099934
easy QNN,pairing=23;m=-3,118.9915960451559,0.594367777835775
easy QNN,pairing=23;m=-2,33.970562748477185,0.6504083934485225
easy QNN,pairing=23;m=-1,6.854101966249688,0.7263978682164718
easy QNN,pairing=23;m=+1,6.854101966249688,0.7191864011429081
easy QNN,pairing=23;m=+2,33.970562748477185,0.6443186666730107
easy QNN,pairing=23;m=+3,118.9915960451559,0.5903919020176274
easy QNN,pairing=23;m=+4,321.99689437999075,0.5561159553147428
easy QNN,pairing=23;m=+5,726.9986244815769,0.5349961041035955
easy QNN,pairing=24;m=-5,726.9986244815769,0.5344739664538262
easy QNN,pairing=24;m=-4,321.99689437999075,0.5560086949987024
easy QNN,pairing=24;m=-3,118.9915960451559,0.5909375741437393
easy QNN,pairing=24;m=-2,33.970562748477185,0.6458856831261638
easy QNN,pairing=24;m=-1,6.854101966249688,0.7219510690839821
easy QNN,pairing=24;m=+1,6.854101966249688,0.7213456450356786
easy QNN,pairing=24;m=+2,33.970562748477185,0.6450165618250745
easy QNN,pairing=24;m=+3,118.9915960451559,0.5899951238683472
easy QNN,pairing=24;m=+4,321.99689437999075,0.5552064572028225
easy QNN,pairing=24;m=+5,726.9986244815769,0.5338582904304903
easy QNN,pairing=25;m=-5,726.998624481578,0.5357821955991892
easy QNN,pairing=25;m=-4,321.99689437999075,0.5570202263609049
easy QNN,pairing=25;m=-3,118.99159604515596,0.5917152871614212
easy QNN,pairing=25;m=-2,33.97056274847718,0.6465644727857145
easy QNN,pairing=25;m=-1,6.854101966249688,0.7224238225780939
easy QNN,pairing=25;m=+1,6.854101966249688,0.7214548916434909
easy QNN,pairing=25;m=+2,33.97056274847718,0.645581202666155
easy QNN,pairing=25;m=+3,118.99159604515596,0.5909517146946379
easy QNN,pairing=25;m=+4,321.99689437999075,0.5564901253074634
easy QNN,pairing=25;m=+5,726.998624481578,0.535430322943758
easy QNN,pairing=26;m=-5,726.9986244815769,0.5390457847887056
easy QNN,pairing=26;m=-4,321.99689437999075,0.5616600940098603
easy QNN,pairing=26;m=-3,118.9915960451559,0.5976550537074331
easy QNN,pairing=26;m=-2,33.970562748477185,0.6530854190569579
easy QNN,pairing=26;m=-1,6.854101966249688,0.7270856327367032
easy QNN,pairing=26;m=+1,6.854101966249688,0.7225461164063607
easy QNN,pairing=26;m=+2,33.970562748477185,0.648918142613421
easy QNN,pairing=26;m=+3,118.9915960451559,0.5947102606860138
easy QNN,pairing=26;m=+4,321.99689437999075,0.559601370968572
easy QNN,pairing=26;m=+5,726.9986244815769,0.5375448677311329
easy QNN,pairing=27;m=-5,726.9986244815769,0.5348158108622469
easy QNN,pairing=27;m=-4,321.99689437999075,0.5567989820367825
easy QNN,pairing=27;m=-3,118.9915960451559,0.5925680831340852
easy QNN,pairing=27;m=-2,33.970562748477185,0.648786480757967
easy QNN,pairing=27;m=-1,6.854101966249688,0.7253184030557527
easy QNN,pairing=27;m=+1,6.854101966249688,0.718862333963979
easy QNN,pairing=27;m=+2,33.970562748477185,0.6432767517403126
easy QNN,pairing=27;m=+3,118.9915960451559,0.58913855393261
easy QNN,pairing=27;m=+4,321.99689437999075,0.5548417808147772
easy QNN,pairing=27;m=+5,726.9986244815769,0.5337328128372397
easy QNN,pairing=28;m=-5,726.998624481578,0.5416575116754931
easy QNN,pairing=28;m=-4,321.99689437999075,0.5646561060923446
easy QNN,pairing=28;m=-3,118.99159604515596,0.601142144774377
easy QNN,pairing=28;m=-2,33.970562748477164,0.6570234507975985
easy QNN,pairing=28;m=-1,6.854101966249688,0.7304625380191923
easy QNN,pairing=28;m=+1,6.854101966249688,0.7208827467460227
easy QNN,pairing=28;m=+2,33.970562748477164,0.6482439419026588
easy QNN,pairing=28;m=+3,118.99159604515596,0.5949029632962404
easy QNN,pairing=28;m=+4,321.99689437999075,0.5603896677567232
easy QNN,pairing=28;m=+5,726.998624481578,0.5387444487304782
easy QNN,pairing=29;m=-5,726.998624481578,0.5395088304703305
easy QNN,pairing=29;m=-4,321.99689437999075,0.5616507853477598
easy QNN,pairing=29;m=-3,118.99159604515596,0.5972238949689668
easy QNN,pairing=29;m=-2,33.970562748477185,0.6523977227853991
easy QNN,pairing=29;m=-1,6.854101966249688,0.7264886464963223
easy QNN,pairing=29;m=+1,6.854101966249688,0.7227798074821808
easy QNN,pairing=29;m=+2,33.970562748477185,0.64947037904581
easy QNN,pairing=29;m=+3,118.99159604515596,0.5956933428169056
easy QNN,pairing=29;m=+4,321.99689437999075,0.5610060355705062
easy QNN,pairing=29;m=+5,726.998624481578,0.5393240355897576
easy QNN,pairing=30;m=-5,726.9986244815769,0.5351768296017992
easy QNN,pairing=30;m=-4,321.99689437999075,0.5562860611584693
easy QNN,pairing=30;m=-3,118.9915960451559,0.5909723175489267
easy QNN,pairing=30;m=-2,33.970562748477185,0.6461342905213673
easy QNN,pairing=30;m=-1,6.854101966249688,0.722656413505292
easy QNN,pairing=30;m=+1,6.854101966249688,0.7200607038062191
easy QNN,pairing=30;m=+2,33.970562748477185,0.6435518321999862
easy QNN,pairing=30;m=+3,118.9915960451559,0.5887447359567106
easy QNN,pairing=30;m=+4,321.99689437999075,0.5543054701234531
easy QNN,pairing=30;m=+5,726.9986244815769,0.5333853673697535
easy QNN,pairing=31;m=-5,726.9986244815769,0.5406546879409648
easy QNN,pairing=31;m=-4,321.99689437999075,0.5630612680777286
easy QNN,pairing=31;m=-3,118.9915960451559,0.5986492644434734
easy QNN,pairing=31;m=-2,33.970562748477185,0.6534044641052319
easy QNN,pairing=31;m=-1,6.854101966249688,0.7266412452891807
easy QNN,pairing=31;m=+1,6.854101966249688,0.7240815388253712
easy QNN,pairing=31;m=+2,33.970562748477185,0.6509526989333543
easy QNN,pairing=31;m=+3,118.9915960451559,0.5967181563854741
easy QNN,pairing=31;m=+4,321.99689437999075,0.5616228886913305
easy QNN,pairing=31;m=+5,726.9986244815769,0.5396351518385207
easy QNN,pairing=32;m=-5,726.998624481578,0.54051702565454
easy QNN,pairing=32;m=-4,321.99689437999075,0.5627759457752504
easy QNN,pairing=32;m=-3,118.99159604515596,0.5981964827442025
easy QNN,pairing=32;m=-2,33.970562748477185,0.6527251682649744
easy QNN,pairing=32;m=-1,6.854101966249688,0.725795635656855
easy QNN,pairing=32;m=+1,6.854101966249688,0.7248668804373798
easy QNN,pairing=32;m=+2,33.970562748477185,0.6518609051174826
easy QNN,pairing=32;m=+3,118.99159604515596,0.5976487833650257
easy QNN,pairing=32;m=+4,321.99689437999075,0.5625323920390407
easy QNN,pairing=32;m=+5,726.998624481578,0.540493461957271
easy QNN,pairing=33;m=-5,726.9986244815769,0.5390432647952266
easy QNN,pairing=33;m=-4,321.99689437999075,0.5623775164941657
easy QNN,pairing=33;m=-3,118.9915960451559,0.5990187726915541
easy QNN,pairing=33;m=-2,33.970562748477185,0.6547615880060882
easy QNN,pairing=33;m=-1,6.854101966249688,0.7281409360160357
easy QNN,pairing=33;m=+1,6.854101966249688,0.7235468049649862
easy QNN,pairing=33;m=+2,33.970562748477185,0.6507128303426759
easy QNN,pairing=33;m=+3,118.9915960451559,0.5962360821741981
easy QNN,pairing=33;m=+4,321.99689437999075,0.5605149839060024
easy QNN,pairing=33;m=+5,726.9986244815769,0.5378416505119457
easy QNN,pairing=34;m=-5,726.9986244815769,0.5440457812767716
easy QNN,pairing=34;m=-4,321.99689437999075,0.5666417685781053
easy QNN,pairing=34;m=-3,118.9915960451559,0.602312452402805
easy QNN,pairing=34;m=-2,33.970562748477164,0.656784949443938
easy QNN,pairing=34;m=-1,6.854101966249688,0.7286888954774847
easy QNN,pairing=34;m=+1,6.854101966249688,0.7247440860175445
easy QNN,pairing=34;m=+2,33.970562748477164,0.6530900723201589
easy QNN,pairing=34;m=+3,118.9915960451559,0.5996107019832826
easy QNN,pairing=34;m=+4,321.99689437999075,0.564761191102435
easy QNN,pairing=34;m=+5,726.9986244815769,0.5427735026196426
easy QNN,pairing=35;m=-5,726.998624481578,0.5410274532902771
easy QNN,pairing=35;m=-4,321.99689437999075,0.5637504126980906
easy QNN,pairing=35;m=-3,118.99159604515596,0.5998199490678473
easy QNN,pairing=35;m=-2,33.970562748477185,0.6549317957432014
easy QNN,pairing=35;m=-1,6.854101966249688,0.7276354436388408
easy QNN,pairing=35;m=+1,6.854101966249688,0.724738646196832
easy QNN,pairing=35;m=+2,33.970562748477185,0.6522010395272475
easy QNN,pairing=35;m=+3,118.99159604515596,0.5978610707000144
easy QNN,pairing=35;m=+4,321.99689437999075,0.562388744788316
easy QNN,pairing=35;m=+5,726.998624481578,0.5400459902845075
easy QNN,pairing=36;m=-5,726.9986244815769,0.5414135338352337
easy QNN,pairing=36;m=-4,321.99689437999075,0.563940071602336
easy QNN,pairing=36;m=-3,118.9915960451559,0.5996895555367446
easy QNN,pairing=36;m=-2,33.970562748477164,0.654510065365084
easy QNN,pairing=36;m=-1,6.854101966249688,0.7272596994914816
easy QNN,pairing=36;m=+1,6.854101966249688,0.7242821713060177
easy QNN,pairing=36;m=+2,33.970562748477164,0.6514413800032478
easy QNN,pairing=36;m=+3,118.9915960451559,0.597281719581893
easy QNN,pairing=36;m=+4,321.99689437999075,0.5620966890084588
easy QNN,pairing=36;m=+5,726.9986244815769,0.5399573131481901
easy QNN,pairing=37;m=-5,726.9986244815769,0.538674198067073
easy QNN,pairing=37;m=-4,321.99689437999075,0.5602248165050026
easy QNN,pairing=37;m=-3,118.9915960451559,0.5949936295499678
easy QNN,pairing=37;m=-2,33.970562748477185,0.649331111686734
easy QNN,pairing=37;m=-1,6.854101966249688,0.7233703197845894
easy QNN,pairing=37;m=+1,6.854101966249688,0.725415889741222
easy QNN,pairing=37;m=+2,33.970562748477185,0.6513438200059001
easy QNN,pairing=37;m=+3,118.9915960451559,0.5964909615951226
easy QNN,pairing=37;m=+4,321.99689437999075,0.5612531633215778
easy QNN,pairing=37;m=+5,726.9986244815769,0.5393867332000583
easy QNN,pairing=38;m=-5,726.9986244815769,0.5416134190066944
easy QNN,pairing=38;m=-4,321.99689437999075,0.5646512484919818
easy QNN,pairing=38;m=-3,118.9915960451559,0.6007958562114295
easy QNN,pairing=38;m=-2,33.970562748477185,0.655553749750611
easy QNN,pairing=38;m=-1,6.854101966249688,0.7275083766597251
easy QNN,pairing=38;m=+1,6.854101966249688,0.7267174323012899
easy QNN,pairing=38;m=+2,33.970562748477185,0.6552510052042451
easy QNN,pairing=38;m=+3,118.9915960451559,0.6010861113713338
easy QNN,pairing=38;m=+4,321.99689437999075,0.5653141386735963
easy QNN,pairing=38;m=+5,726.9986244815769,0.5424307661782017
easy QNN,pairing=39;m=-5,726.9986244815769,0.5335835655893508
easy QNN,pairing=39;m=-4,321.99689437999075,0.5549071721376997
easy QNN,pairing=39;m=-3,118.9915960451559,0.5897427196420667
easy QNN,pairing=39;m=-2,33.970562748477185,0.6448786332867794
easy QNN,pairing=39;m=-1,6.854101966249688,0.7213679108565286
easy QNN,pairing=39;m=+1,6.854101966249688,0.7217317788939808
easy QNN,pairing=39;m=+2,33.970562748477185,0.6454148904803554
easy QNN,pairing=39;m=+3,118.9915960451559,0.5902462690398451
easy QNN,pairing=39;m=+4,321.99689437999075,0.5553367255915433
easy QNN,pairing=39;m=+5,726.9986244815769,0.5339766669779247
easy QNN,pairing=40;m=-5,726.9986244815769,0.5338798726356047
easy QNN,pairing=40;m=-4,321.99689437999075,0.5554732047506195
easy QNN,pairing=40;m=-3,118.9915960451559,0.5905751622256374
easy QNN,pairing=40;m=-2,33.970562748477164,0.6459617436568509
easy QNN,pairing=40;m=-1,6.854101966249688,0.7224632021105604
easy QNN,pairing=40;m=+1,6.854101966249688,0.7202108211555326
easy QNN,pairing=40;m=+2,33.970562748477164,0.6437665989965312
easy QNN,pairing=40;m=+3,118.9915960451559,0.5889257501050683
easy QNN,pairing=40;m=+4,321.99689437999075,0.5542901080554993
easy QNN,pairing=40;m=+5,726.9986244815769,0.5330116376441923
easy QNN,pairing=41;m=-5,726.9986244815769,0.5388594580732581
easy QNN,pairing=41;m=-4,321.99689437999075,0.5612346818581605
easy QNN,pairing=41;m=-3,118.9915960451559,0.596862790625317
easy QNN,pairing=41;m=-2,33.970562748477185,0.6516539870258382
easy QNN,pairing=41;m=-1,6.854101966249688,0.7250094034565777
easy QNN,pairing=41;m=+1,6.854101966249688,0.7260053724521746
easy QNN,pairing=41;m=+2,33.970562748477185,0.6526704094609932
easy QNN,pairing=41;m=+3,118.9915960451559,0.5976576267953749
easy QNN,pairing=41;m=+4,321.99689437999075,0.5617867186922676
easy QNN,pairing=41;m=+5,726.9986244815769,0.5392276480197299
easy QNN,pairing=42;m=-5,726.9986244815769,0.5343946151865755
easy QNN,pairing=42;m=-4,321.99689437999075,0.5551767772172255
easy QNN,pairing=42;m=-3,118.9915960451559,0.5894996673624082
easy QNN,pairing=42;m=-2,33.970562748477185,0.6444898059020066
easy QNN,pairing=42;m=-1,6.854101966249688,0.7218307760820839
easy QNN,pairing=42;m=+1,6.854101966249688,0.7175392935070376
easy QNN,pairing=42;m=+2,33.970562748477185,0.6404098601146526
easy QNN,pairing=42;m=+3,118.9915960451559,0.5864281635523609
easy QNN,pairing=42;m=+4,321.99689437999075,0.5529458991911561
easy QNN,pairing=42;m=+5,726.9986244815769,0.5327599524048064
easy QNN,pairing=43;m=-5,726.9986244815769,0.5294793147562513
easy QNN,pairing=43;m=-4,321.99689437999075,0.5501719669814509
easy QNN,pairing=43;m=-3,118.9915960451559,0.5846658358243854
easy QNN,pairing=43;m=-2,33.970562748477185,0.6403160048353915
easy QNN,pairing=43;m=-1,6.854101966249688,0.71927869408498
easy QNN,pairing=43;m=+1,6.854101966249688,0.7167505728084466
easy QNN,pairing=43;m=+2,33.970562748477185,0.6378740114139522
easy QNN,pairing=43;m=+3,118.9915960451559,0.5829135509611756
easy QNN,pairing=43;m=+4,321.99689437999075,0.5490556404900568
easy QNN,pairing=43;m=+5,726.9986244815769,0.5287993695288303
easy QNN,pairing=44;m=-5,726.9986244815769,0.5347709828057118
easy QNN,pairing=44;m=-4,321.99689437999075,0.555663354401547
easy QNN,pairing=44;m=-3,118.9915960451559,0.5900312989151841
easy QNN,pairing=44;m=-2,33.970562748477185,0.6449064700284161
easy QNN,pairing=44;m=-1,6.854101966249688,0.7217786984529772
easy QNN,pairing=44;m=+1,6.854101966249688,0.7190124006770656
easy QNN,pairing=44;m=+2,33.970562748477185,0.6422010184093531
easy QNN,pairing=44;m=+3,118.9915960451559,0.5878995514209077
easy QNN,pairing=44;m=+4,321.99689437999075,0.5539870203415805
easy QNN,pairing=44;m=+5,726.9986244815769,0.5334007046783379
easy QNN,pairing=45;m=-5,726.9986244815769,0.5398954461564321
easy QNN,pairing=45;m=-4,321.99689437999075,0.5623954665658446
easy QNN,pairing=45;m=-3,118.9915960451559,0.5983440556226112
easy QNN,pairing=45;m=-2,33.970562748477185,0.6538341099915443
easy QNN,pairing=45;m=-1,6.854101966249688,0.7277075793691927
easy QNN,pairing=45;m=+1,6.854101966249688,0.7222762988319713
easy QNN,pairing=45;m=+2,33.970562748477185,0.6486285598263443
easy QNN,pairing=45;m=+3,118.9915960451559,0.5943847879080714
easy QNN,pairing=45;m=+4,321.99689437999075,0.5594241848547878
easy QNN,pairing=45;m=+5,726.9986244815769,0.5376424922847671
easy QNN,pairing=46;m=-5,726.998624481578,0.5388481213432347
easy QNN,pairing=46;m=-4,321.99689437999075,0.5617672988893182
easy QNN,pairing=46;m=-3,118.99159604515596,0.5986500507877764
easy QNN,pairing=46;m=-2,33.970562748477164,0.6558483652238186
easy QNN,pairing=46;m=-1,6.854101966249688,0.7314708098878571
easy QNN,pairing=46;m=+1,6.854101966249688,0.7165596960335588
easy QNN,pairing=46;m=+2,33.970562748477164,0.6426600510656655
easy QNN,pairing=46;m=+3,118.99159604515596,0.5896193720533747
easy QNN,pairing=46;m=+4,321.99689437999075,0.5558049163381588
easy QNN,pairing=46;m=+5,726.998624481578,0.5349057778357691
easy QNN,pairing=47;m=-5,726.9986244815769,0.5371731678560396
easy QNN,pairing=47;m=-4,321.99689437999075,0.5591206798925834
easy QNN,pairing=47;m=-3,118.9915960451559,0.594246916828527
easy QNN,pairing=47;m=-2,33.970562748477185,0.64880384967554
easy QNN,pairing=47;m=-1,6.854101966249688,0.7231146245949995
easy QNN,pairing=47;m=+1,6.854101966249688,0.7249942551495483
easy QNN,pairing=47;m=+2,33.970562748477185,0.6508020428154143
easy QNN,pairing=47;m=+3,118.9915960451559,0.5958269379303326
easy QNN,pairing=47;m=+4,321.99689437999075,0.5602744176424865
easy QNN,pairing=47;m=+5,726.9986244815769,0.5380236538614438
easy QNN,pairing=48;m=-5,726.9986244815769,0.5348099839377556
easy QNN,pairing=48;m=-4,321.99689437999075,0.5558319685193437
easy QNN,pairing=48;m=-3,118.9915960451559,0.5903678439441962
easy QNN,pairing=48;m=-2,33.970562748477185,0.6452836098007173
easy QNN,pairing=48;m=-1,6.854101966249688,0.7215347025957071
easy QNN,pairing=48;m=+1,6.854101966249688,0.7218748235366351
easy QNN,pairing=48;m=+2,33.970562748477185,0.6456041566690934
easy QNN,pairing=48;m=+3,118.9915960451559,0.5905269238039327
easy QNN,pairing=48;m=+4,321.99689437999075,0.5557908214384776
easy QNN,pairing=48;m=+5,726.9986244815769,0.534635330004867
easy QNN,pairing=49;m=-5,726.9986244815769,0.5363795681843911
easy QNN,pairing=49;m=-4,321.99689437999075,0.5594384819829654
easy QNN,pairing=49;m=-3,118.9915960451559,0.5963723611272816
easy QNN,pairing=49;m=-2,33.970562748477185,0.6533811379186893
easy QNN,pairing=49;m=-1,6.854101966249688,0.7289075710278801
easy QNN,pairing=49;m=+1,6.854101966249688,0.7193532617894064
easy QNN,pairing=49;m=+2,33.970562748477185,0.6453611449100023
easy QNN,pairing=49;m=+3,118.9915960451559,0.5914258786636439
easy QNN,pairing=49;m=+4,321.99689437999075,0.5566378131006466
easy QNN,pairing=49;m=+5,726.9986244815769,0.5349449563640492
published classical archive,identity,1.0,0.579359734404762
published classical archive,pairing=0;m=-5,726.9986244815418,0.47573987331006534
published classical archive,pairing=0;m=-4,321.9968943799908,0.49488478269760583
published classical archive,pairing=0;m=-3,118.99159604515542,0.5253064516337701
published classical archive,pairing=0;m=-2,33.970562748477114,0.5713208199944605
published classical archive,pairing=0;m=-1,6.854101966249686,0.6147807176239468
published classical archive,pairing=0;m=+1,6.854101966249686,0.5057759282604083
published classical archive,pairing=0;m=+2,33.970562748477114,0.46050527006862546
published classical archive,pairing=0;m=+3,118.99159604515542,0.43816667057759207
published classical archive,pairing=0;m=+4,321.9968943799908,0.42675361360691283
published classical archive,pairing=0;m=+5,726.9986244815418,0.4208670796596203
published classical archive,pairing=1;m=-5,726.9986244815769,0.4654289419720814
published classical archive,pairing=1;m=-4,321.99689437999075,0.4732946288180651
published classical archive,pairing=1;m=-3,118.9915960451559,0.485930173883564
published classical archive,pairing=1;m=-2,33.970562748477185,0.5070806151043262
published classical archive,pairing=1;m=-1,6.854101966249688,0.541910897797721
published classical archive,pairing=1;m=+1,6.854101966249688,0.5694636159782082
published classical archive,pairing=1;m=+2,33.970562748477185,0.531269511434664
published classical archive,pairing=1;m=+3,118.9915960451559,0.5016780835064318
published classical archive,pairing=1;m=+4,321.99689437999075,0.48309949634770666
published classical archive,pairing=1;m=+5,726.9986244815769,0.47187927255331147
published classical archive,pairing=2;m=-5,726.9986244815769,0.4614548470260918
published classical archive,pairing=2;m=-4,321.99689437999075,0.4700503550261921
published classical archive,pairing=2;m=-3,118.9915960451559,0.4841045024541616
published classical archive,pairing=2;m=-2,33.970562748477185,0.508730275503847
published classical archive,pairing=2;m=-1,6.854101966249688,0.5490786236076095
published classical archive,pairing=2;m=+1,6.854101966249688,0.5451899756312157
published classical archive,pairing=2;m=+2,33.970562748477185,0.5036068902630211
published classical archive,pairing=2;m=+3,118.9915960451559,0.47816012831917004
published classical archive,pairing=2;m=+4,321.99689437999075,0.4637105395296551
published classical archive,pairing=2;m=+5,726.9986244815769,0.45519155294364844
published classical archive,pairing=3;m=-5,726.9986244815769,0.45477332840967055
published classical archive,pairing=3;m=-4,321.99689437999075,0.4654997064516967
published classical archive,pairing=3;m=-3,118.9915960451559,0.48371488540259605
published classical archive,pairing=3;m=-2,33.970562748477185,0.5138752999828488
published classical archive,pairing=3;m=-1,6.854101966249688,0.5556958763399286
published classical archive,pairing=3;m=+1,6.854101966249688,0.5475260209819064
published classical archive,pairing=3;m=+2,33.970562748477185,0.5061815505002223
published classical archive,pairing=3;m=+3,118.9915960451559,0.47975200182173855
published classical archive,pairing=3;m=+4,321.99689437999075,0.4648804788033523
published classical archive,pairing=3;m=+5,726.9986244815769,0.45615672110525773
published classical archive,pairing=4;m=-5,726.9986244815769,0.5116070016018531
published classical archive,pairing=4;m=-4,321.99689437999075,0.5220725658437216
published classical archive,pairing=4;m=-3,118.9915960451559,0.5367132451289781
published classical archive,pairing=4;m=-2,33.97056274847714,0.5551818318502627
published classical archive,pairing=4;m=-1,6.854101966249688,0.5728413242358158
published classical archive,pairing=4;m=+1,6.854101966249688,0.570299232187695
published classical archive,pairing=4;m=+2,33.97056274847714,0.5514719960911582
published classical archive,pairing=4;m=+3,118.9915960451559,0.5339159648928503
published classical archive,pairing=4;m=+4,321.99689437999075,0.5212283396845807
published classical archive,pairing=4;m=+5,726.9986244815769,0.5126143375848436
published classical archive,pairing=5;m=-5,726.9986244815769,0.436089842266642
published classical archive,pairing=5;m=-4,321.99689437999075,0.44866838351122984
published classical archive,pairing=5;m=-3,118.9915960451559,0.4696121948843501
published classical archive,pairing=5;m=-2,33.970562748477185,0.5024583677098894
published classical archive,pairing=5;m=-1,6.854101966249688,0.548178729928893
published classical archive,pairing=5;m=+1,6.854101966249688,0.5490401387109414
published classical archive,pairing=5;m=+2,33.970562748477185,0.5044376790952901
published classical archive,pairing=5;m=+3,118.9915960451559,0.47198654166969545
published classical archive,pairing=5;m=+4,321.99689437999075,0.45073135377864276
published classical archive,pairing=5;m=+5,726.9986244815769,0.4373987843923537
published classical archive,pairing=6;m=-5,726.9986244815769,0.49995285458759625
published classical archive,pairing=6;m=-4,321.99689437999075,0.5126035335132058
published classical archive,pairing=6;m=-3,118.9915960451559,0.5296614193082432
published classical archive,pairing=6;m=-2,33.970562748477185,0.5508129468095805
published classical archive,pairing=6;m=-1,6.854101966249688,0.5715514443115325
published classical archive,pairing=6;m=+1,6.854101966249688,0.5686520677716492
published classical archive,pairing=6;m=+2,33.970562748477185,0.5484868244451379
published classical archive,pairing=6;m=+3,118.9915960451559,0.5293165457193157
published classical archive,pairing=6;m=+4,321.99689437999075,0.5142902682486218
published classical archive,pairing=6;m=+5,726.9986244815769,0.5029710434497057
published classical archive,pairing=7;m=-5,726.998624481578,0.46474301033234494
published classical archive,pairing=7;m=-4,321.99689437999075,0.4746545172316468
published classical archive,pairing=7;m=-3,118.99159604515596,0.48929332811948933
published classical archive,pairing=7;m=-2,33.970562748477164,0.5129090442201231
published classical archive,pairing=7;m=-1,6.854101966249688,0.5508005679638747
published classical archive,pairing=7;m=+1,6.854101966249688,0.553072928952836
published classical archive,pairing=7;m=+2,33.970562748477164,0.5135711935992766
published classical archive,pairing=7;m=+3,118.99159604515596,0.4881338846800561
published classical archive,pairing=7;m=+4,321.99689437999075,0.47292301085682203
published classical archive,pairing=7;m=+5,726.998624481578,0.4629716352671762
published classical archive,pairing=8;m=-5,726.9986244815769,0.4626173968925545
published classical archive,pairing=8;m=-4,321.99689437999075,0.4723190897377786
published classical archive,pairing=8;m=-3,118.9915960451559,0.48795298728636227
published classical archive,pairing=8;m=-2,33.970562748477164,0.5133025199710077
published classical archive,pairing=8;m=-1,6.854101966249688,0.5519918418216906
published classical archive,pairing=8;m=+1,6.854101966249688,0.5515835778248649
published classical archive,pairing=8;m=+2,33.970562748477164,0.5142824699238061
published classical archive,pairing=8;m=+3,118.9915960451559,0.4894124318670424
published classical archive,pairing=8;m=+4,321.99689437999075,0.47416406517144827
published classical archive,pairing=8;m=+5,726.9986244815769,0.4648510399893461
published classical archive,pairing=9;m=-5,726.9986244815769,0.47762272382803034
published classical archive,pairing=9;m=-4,321.99689437999075,0.49085294188268724
published classical archive,pairing=9;m=-3,118.9915960451559,0.5102248769275327
published classical archive,pairing=9;m=-2,33.970562748477164,0.5365382044934909
published classical archive,pairing=9;m=-1,6.854101966249688,0.5658291311840762
published classical archive,pairing=9;m=+1,6.854101966249688,0.5608977733748938
published classical archive,pairing=9;m=+2,33.970562748477164,0.5309881748561416
published classical archive,pairing=9;m=+3,118.9915960451559,0.5055144829121588
published classical archive,pairing=9;m=+4,321.99689437999075,0.4870348162262344
published classical archive,pairing=9;m=+5,726.9986244815769,0.4745619164788118
published classical archive,pairing=10;m=-5,726.998624481578,0.4613098139980956
published classical archive,pairing=10;m=-4,321.99689437999075,0.47482645164937415
published classical archive,pairing=10;m=-3,118.99159604515596,0.4965428343361191
published classical archive,pairing=10;m=-2,33.970562748477164,0.5304560077405329
published classical archive,pairing=10;m=-1,6.854101966249688,0.574066214759328
published classical archive,pairing=10;m=+1,6.854101966249688,0.5306129351790269
published classical archive,pairing=10;m=+2,33.970562748477164,0.49076801278538806
published classical archive,pairing=10;m=+3,118.99159604515596,0.46688037072566796
published classical archive,pairing=10;m=+4,321.99689437999075,0.4522588312751739
published classical archive,pairing=10;m=+5,726.998624481578,0.44321659768532273
published classical archive,pairing=11;m=-5,726.9986244815769,0.4579532465582144
published classical archive,pairing=11;m=-4,321.99689437999075,0.4786581692411255
published classical archive,pairing=11;m=-3,118.9915960451559,0.5104505417187942
published classical archive,pairing=11;m=-2,33.970562748477185,0.5568307056346401
published classical archive,pairing=11;m=-1,6.854101966249688,0.6031104963815482
published classical archive,pairing=11;m=+1,6.854101966249688,0.5157327067449343
published classical archive,pairing=11;m=+2,33.970562748477185,0.47154543691558176
published classical archive,pairing=11;m=+3,118.9915960451559,0.44593092830323217
published classical archive,pairing=11;m=+4,321.99689437999075,0.43061973431452005
published classical archive,pairing=11;m=+5,726.9986244815769,0.4213775605100906
published classical archive,pairing=12;m=-5,726.9986244815769,0.4646059382853674
published classical archive,pairing=12;m=-4,321.99689437999075,0.47699831141512156
published classical archive,pairing=12;m=-3,118.9915960451559,0.4951654634159189
published classical archive,pairing=12;m=-2,33.970562748477185,0.522049214908611
published classical archive,pairing=12;m=-1,6.854101966249688,0.558138942139891
published classical archive,pairing=12;m=+1,6.854101966249688,0.5556279427648191
published classical archive,pairing=12;m=+2,33.970562748477185,0.5205423994639398
published classical archive,pairing=12;m=+3,118.9915960451559,0.4941633843015002
published classical archive,pairing=12;m=+4,321.99689437999075,0.47627188654546243
published classical archive,pairing=12;m=+5,726.9986244815769,0.46414358173901815
published classical archive,pairing=13;m=-5,726.9986244815769,0.4152891376366857
published classical archive,pairing=13;m=-4,321.99689437999075,0.4297650978315867
published classical archive,pairing=13;m=-3,118.9915960451559,0.4520468623588914
published classical archive,pairing=13;m=-2,33.970562748477185,0.48701722852111906
published classical archive,pairing=13;m=-1,6.854101966249688,0.5398901814066638
published classical archive,pairing=13;m=+1,6.854101966249688,0.5370028597031763
published classical archive,pairing=13;m=+2,33.970562748477185,0.4851906699050002
published classical archive,pairing=13;m=+3,118.9915960451559,0.451689868273306
published classical archive,pairing=13;m=+4,321.99689437999075,0.4299702560256305
published classical archive,pairing=13;m=+5,726.9986244815769,0.41547297407700107
published classical archive,pairing=14;m=-5,726.9986244815769,0.4021475549600599
published classical archive,pairing=14;m=-4,321.99689437999075,0.4151422379522666
published classical archive,pairing=14;m=-3,118.9915960451559,0.4385871351905496
published classical archive,pairing=14;m=-2,33.970562748477185,0.478395506731716
published classical archive,pairing=14;m=-1,6.854101966249688,0.5373516733949993
published classical archive,pairing=14;m=+1,6.854101966249688,0.5344272317706301
published classical archive,pairing=14;m=+2,33.970562748477185,0.4752184781476317
published classical archive,pairing=14;m=+3,118.9915960451559,0.4357911853759089
published classical archive,pairing=14;m=+4,321.99689437999075,0.4120796408831047
published classical archive,pairing=14;m=+5,726.9986244815769,0.3985726340748822
published classical archive,pairing=15;m=-5,726.998624481578,0.42209088284982615
published classical archive,pairing=15;m=-4,321.99689437999075,0.43597332505867575
published classical archive,pairing=15;m=-3,118.99159604515596,0.4576165249974043
published classical archive,pairing=15;m=-2,33.970562748477185,0.49185775422457834
published classical archive,pairing=15;m=-1,6.854101966249688,0.542912400800924
published classical archive,pairing=15;m=+1,6.854101966249688,0.5393460852536776
published classical archive,pairing=15;m=+2,33.970562748477185,0.4870096289086486
published classical archive,pairing=15;m=+3,118.99159604515596,0.45224247540535994
published classical archive,pairing=15;m=+4,321.99689437999075,0.4304858985796258
published classical archive,pairing=15;m=+5,726.998624481578,0.41704326174367873
published classical archive,pairing=16;m=-5,726.9986244815769,0.4821906774429415
published classical archive,pairing=16;m=-4,321.99689437999075,0.494074414126803
published classical archive,pairing=16;m=-3,118.9915960451559,0.5124091533509255
published classical archive,pairing=16;m=-2,33.970562748477185,0.5384701043137337
published classical archive,pairing=16;m=-1,6.854101966249688,0.5676820721950151
published classical archive,pairing=16;m=+1,6.854101966249688,0.5598314653852349
published classical archive,pairing=16;m=+2,33.970562748477185,0.5307091178569227
published classical archive,pairing=16;m=+3,118.9915960451559,0.5066895100434711
published classical archive,pairing=16;m=+4,321.99689437999075,0.49005409308949704
published classical archive,pairing=16;m=+5,726.9986244815769,0.47935966300215976
published classical archive,pairing=17;m=-5,726.998624481578,0.4255861819143222
published classical archive,pairing=17;m=-4,321.99689437999075,0.43869139833214443
published classical archive,pairing=17;m=-3,118.99159604515596,0.4600101798902682
published classical archive,pairing=17;m=-2,33.970562748477185,0.4940269863111683
published classical archive,pairing=17;m=-1,6.854101966249688,0.5439153001884678
published classical archive,pairing=17;m=+1,6.854101966249688,0.5401285069245217
published classical archive,pairing=17;m=+2,33.970562748477185,0.488931121176215
published classical archive,pairing=17;m=+3,118.99159604515596,0.4555565680994501
published classical archive,pairing=17;m=+4,321.99689437999075,0.4350365955904961
published classical archive,pairing=17;m=+5,726.998624481578,0.4223049114452247
published classical archive,pairing=18;m=-5,726.9986244815769,0.4380865152651227
published classical archive,pairing=18;m=-4,321.99689437999075,0.45474544354782953
published classical archive,pairing=18;m=-3,118.9915960451559,0.4814891744634005
published classical archive,pairing=18;m=-2,33.97056274847718,0.5228978517266477
published classical archive,pairing=18;m=-1,6.854101966249688,0.57356314669645
published classical archive,pairing=18;m=+1,6.854101966249688,0.5291615723288764
published classical archive,pairing=18;m=+2,33.97056274847718,0.48421357093809786
published classical archive,pairing=18;m=+3,118.9915960451559,0.4537011391388052
published classical archive,pairing=18;m=+4,321.99689437999075,0.4340939125081757
published classical archive,pairing=18;m=+5,726.9986244815769,0.421760299269399
published classical archive,pairing=19;m=-5,726.9986244815769,0.4981154313593919
published classical archive,pairing=19;m=-4,321.99689437999075,0.5103282872653542
published classical archive,pairing=19;m=-3,118.9915960451559,0.5267976184265419
published classical archive,pairing=19;m=-2,33.970562748477185,0.5480656132868675
published classical archive,pairing=19;m=-1,6.854101966249688,0.5703719176024526
published classical archive,pairing=19;m=+1,6.854101966249688,0.5658825418184882
published classical archive,pairing=19;m=+2,33.970562748477185,0.5424759619305405
published classical archive,pairing=19;m=+3,118.9915960451559,0.5226232864739059
published classical archive,pairing=19;m=+4,321.99689437999075,0.5080683329894429
published classical archive,pairing=19;m=+5,726.9986244815769,0.4975924698146704
published classical archive,pairing=20;m=-5,726.9986244815769,0.5585774849413575
published classical archive,pairing=20;m=-4,321.99689437999075,0.5671651259398144
published classical archive,pairing=20;m=-3,118.9915960451559,0.5765572062619334
published classical archive,pairing=20;m=-2,33.97056274847718,0.5840896588888462
published classical archive,pairing=20;m=-1,6.854101966249688,0.5847522118687489
published classical archive,pairing=20;m=+1,6.854101966249688,0.5795149201276185
published classical archive,pairing=20;m=+2,33.97056274847718,0.5764533491656895
published classical archive,pairing=20;m=+3,118.9915960451559,0.5683222311200099
published classical archive,pairing=20;m=+4,321.99689437999075,0.5594308399453106
published classical archive,pairing=20;m=+5,726.9986244815769,0.5518958131712616
published classical archive,pairing=21;m=-5,726.9986244815769,0.47662016788406675
published classical archive,pairing=21;m=-4,321.99689437999075,0.48394241875799976
published classical archive,pairing=21;m=-3,118.9915960451559,0.4969487850453281
published classical archive,pairing=21;m=-2,33.970562748477164,0.5183339175258598
published classical archive,pairing=21;m=-1,6.854101966249688,0.5488321952373943
published classical archive,pairing=21;m=+1,6.854101966249688,0.5830702075252043
published classical archive,pairing=21;m=+2,33.970562748477164,0.5582171444178308
published classical archive,pairing=21;m=+3,118.9915960451559,0.5301516410687037
published classical archive,pairing=21;m=+4,321.99689437999075,0.5094241988430358
published classical archive,pairing=21;m=+5,726.9986244815769,0.4960758111213413
published classical archive,pairing=22;m=-5,726.9986244815769,0.511842001089856
published classical archive,pairing=22;m=-4,321.99689437999075,0.5212721556440169
published classical archive,pairing=22;m=-3,118.9915960451559,0.5351355512279828
published classical archive,pairing=22;m=-2,33.97056274847718,0.5538840783616988
published classical archive,pairing=22;m=-1,6.854101966249688,0.5733711567415788
published classical archive,pairing=22;m=+1,6.854101966249688,0.5665481571269348
published classical archive,pairing=22;m=+2,33.97056274847718,0.5466887825451324
published classical archive,pairing=22;m=+3,118.9915960451559,0.5298339162350526
published classical archive,pairing=22;m=+4,321.99689437999075,0.5180043095037475
published classical archive,pairing=22;m=+5,726.9986244815769,0.5100076629530826
published classical archive,pairing=23;m=-5,726.9986244815769,0.4973613221971252
published classical archive,pairing=23;m=-4,321.99689437999075,0.510453800286618
published classical archive,pairing=23;m=-3,118.9915960451559,0.5275880991551724
published classical archive,pairing=23;m=-2,33.970562748477164,0.5486271395038348
published classical archive,pairing=23;m=-1,6.854101966249688,0.569588644340407
published classical archive,pairing=23;m=+1,6.854101966249688,0.5690590631913806
published classical archive,pairing=23;m=+2,33.970562748477164,0.5477796217641521
published classical archive,pairing=23;m=+3,118.9915960451559,0.5266384897823576
published classical archive,pairing=23;m=+4,321.99689437999075,0.5096250345778393
published classical archive,pairing=23;m=+5,726.9986244815769,0.4967820600357209
published classical archive,pairing=24;m=-5,726.9986244815769,0.4374071010846632
published classical archive,pairing=24;m=-4,321.99689437999075,0.44941215453728045
published classical archive,pairing=24;m=-3,118.9915960451559,0.46793988544061327
published classical archive,pairing=24;m=-2,33.970562748477185,0.4976748773142326
published classical archive,pairing=24;m=-1,6.854101966249688,0.544325495004551
published classical archive,pairing=24;m=+1,6.854101966249688,0.5414232881110779
published classical archive,pairing=24;m=+2,33.970562748477185,0.4933384470023548
published classical archive,pairing=24;m=+3,118.9915960451559,0.46237018270194435
published classical archive,pairing=24;m=+4,321.99689437999075,0.4434314511891409
published classical archive,pairing=24;m=+5,726.9986244815769,0.43161850071054303
published classical archive,pairing=25;m=-5,726.9986244815769,0.436543048544866
published classical archive,pairing=25;m=-4,321.99689437999075,0.4485231630800266
published classical archive,pairing=25;m=-3,118.9915960451559,0.4688398882989157
published classical archive,pairing=25;m=-2,33.970562748477185,0.5016100850247001
published classical archive,pairing=25;m=-1,6.854101966249688,0.5482782328598331
published classical archive,pairing=25;m=+1,6.854101966249688,0.5462862599892531
published classical archive,pairing=25;m=+2,33.970562748477185,0.4982115663915351
published classical archive,pairing=25;m=+3,118.9915960451559,0.46448988110061906
published classical archive,pairing=25;m=+4,321.99689437999075,0.444583191167944
published classical archive,pairing=25;m=+5,726.9986244815769,0.4336816953275225
published classical archive,pairing=26;m=-5,726.9986244815769,0.556114969373214
published classical archive,pairing=26;m=-4,321.99689437999075,0.5663703931693859
published classical archive,pairing=26;m=-3,118.9915960451559,0.5772927322503721
published classical archive,pairing=26;m=-2,33.97056274847714,0.5857633271574293
published classical archive,pairing=26;m=-1,6.854101966249688,0.5861340274597621
published classical archive,pairing=26;m=+1,6.854101966249688,0.5782221775742722
published classical archive,pairing=26;m=+2,33.97056274847714,0.5748354814062031
published classical archive,pairing=26;m=+3,118.9915960451559,0.5665320404504117
published classical archive,pairing=26;m=+4,321.99689437999075,0.5569983074159415
published classical archive,pairing=26;m=+5,726.9986244815769,0.5483515512595357
published classical archive,pairing=27;m=-5,726.9986244815769,0.55177997108464
published classical archive,pairing=27;m=-4,321.99689437999075,0.5601364426258864
published classical archive,pairing=27;m=-3,118.9915960451559,0.569494865633578
published classical archive,pairing=27;m=-2,33.970562748477164,0.5778736107240955
published classical archive,pairing=27;m=-1,6.854101966249688,0.5815106912898901
published classical archive,pairing=27;m=+1,6.854101966249688,0.5759776972602287
published classical archive,pairing=27;m=+2,33.970562748477164,0.5714305098780824
published classical archive,pairing=27;m=+3,118.9915960451559,0.5639382230624935
published classical archive,pairing=27;m=+4,321.99689437999075,0.555474225895285
published classical archive,pairing=27;m=+5,726.9986244815769,0.5478128426821673
published classical archive,pairing=28;m=-5,726.9986244815769,0.4712660813617245
published classical archive,pairing=28;m=-4,321.99689437999075,0.4818641870552568
published classical archive,pairing=28;m=-3,118.9915960451559,0.49864115992039587
published classical archive,pairing=28;m=-2,33.970562748477256,0.524605171137629
published classical archive,pairing=28;m=-1,6.854101966249688,0.5593145052668805
published classical archive,pairing=28;m=+1,6.854101966249688,0.5564460638347836
published classical archive,pairing=28;m=+2,33.970562748477256,0.5231736470710883
published classical archive,pairing=28;m=+3,118.9915960451559,0.4987507937200197
published classical archive,pairing=28;m=+4,321.99689437999075,0.4827511488495677
published classical archive,pairing=28;m=+5,726.9986244815769,0.47244437333676703
published classical archive,pairing=29;m=-5,726.9986244815769,0.436677753983857
published classical archive,pairing=29;m=-4,321.99689437999075,0.4512840694638967
published classical archive,pairing=29;m=-3,118.9915960451559,0.4746955682012693
published classical archive,pairing=29;m=-2,33.970562748477185,0.5093228066001403
published classical archive,pairing=29;m=-1,6.854101966249688,0.5536243901415493
published classical archive,pairing=29;m=+1,6.854101966249688,0.5471810061456764
published classical archive,pairing=29;m=+2,33.970562748477185,0.5045026967118185
published classical archive,pairing=29;m=+3,118.9915960451559,0.47502382844195606
published classical archive,pairing=29;m=+4,321.99689437999075,0.4560664453905683
published classical archive,pairing=29;m=+5,726.9986244815769,0.4438140764967639
published classical archive,pairing=30;m=-5,726.9986244815769,0.4665836028486123
published classical archive,pairing=30;m=-4,321.99689437999075,0.4877595615312153
published classical archive,pairing=30;m=-3,118.9915960451559,0.5194200888965782
published classical archive,pairing=30;m=-2,33.970562748477185,0.5648228257344965
published classical archive,pairing=30;m=-1,6.854101966249688,0.6075549973037253
published classical archive,pairing=30;m=+1,6.854101966249688,0.5164505923587993
published classical archive,pairing=30;m=+2,33.970562748477185,0.47564382391469395
published classical archive,pairing=30;m=+3,118.9915960451559,0.4514292856291802
published classical archive,pairing=30;m=+4,321.99689437999075,0.436128736534911
published classical archive,pairing=30;m=+5,726.9986244815769,0.42619538806838675
published classical archive,pairing=31;m=-5,726.9986244815769,0.5609142357608367
published classical archive,pairing=31;m=-4,321.99689437999075,0.5705129652217041
published classical archive,pairing=31;m=-3,118.9915960451559,0.5802386841948854
published classical archive,pairing=31;m=-2,33.970562748477164,0.586804349890454
published classical archive,pairing=31;m=-1,6.854101966249688,0.5854524684016907
published classical archive,pairing=31;m=+1,6.854101966249688,0.5790317518043987
published classical archive,pairing=31;m=+2,33.970562748477164,0.5766524418949496
published classical archive,pairing=31;m=+3,118.9915960451559,0.5695346402585415
published classical archive,pairing=31;m=+4,321.99689437999075,0.5610441938794867
published classical archive,pairing=31;m=+5,726.9986244815769,0.5531311972567999
published classical archive,pairing=32;m=-5,726.9986244815769,0.4318258698298466
published classical archive,pairing=32;m=-4,321.99689437999075,0.4409380837572415
published classical archive,pairing=32;m=-3,118.9915960451559,0.4566272273314443
published classical archive,pairing=32;m=-2,33.970562748477185,0.4843644348282073
published classical archive,pairing=32;m=-1,6.854101966249688,0.5312454796629364
published classical archive,pairing=32;m=+1,6.854101966249688,0.5547688995880776
published classical archive,pairing=32;m=+2,33.970562748477185,0.5030368039028106
published classical archive,pairing=32;m=+3,118.9915960451559,0.4681096186675848
published classical archive,pairing=32;m=+4,321.99689437999075,0.4473275062258991
published classical archive,pairing=32;m=+5,726.9986244815769,0.43511584667798725
published classical archive,pairing=33;m=-5,726.9986244815769,0.4505614456572061
published classical archive,pairing=33;m=-4,321.99689437999075,0.4609508578961589
published classical archive,pairing=33;m=-3,118.9915960451559,0.4778385975420987
published classical archive,pairing=33;m=-2,33.970562748477185,0.5046727798168922
published classical archive,pairing=33;m=-1,6.854101966249688,0.543965203933589
published classical archive,pairing=33;m=+1,6.854101966249688,0.5634210260993965
published classical archive,pairing=33;m=+2,33.970562748477185,0.5234701730429773
published classical archive,pairing=33;m=+3,118.9915960451559,0.49215398235489444
published classical archive,pairing=33;m=+4,321.99689437999075,0.4715112178280622
published classical archive,pairing=33;m=+5,726.9986244815769,0.45848985878118376
published classical archive,pairing=34;m=-5,726.9986244815769,0.46171519670157
published classical archive,pairing=34;m=-4,321.99689437999075,0.4793863506065839
published classical archive,pairing=34;m=-3,118.9915960451559,0.505395435092303
published classical archive,pairing=34;m=-2,33.97056274847718,0.5421224124798433
published classical archive,pairing=34;m=-1,6.854101966249688,0.5814082555955021
published classical archive,pairing=34;m=+1,6.854101966249688,0.5351420118563409
published classical archive,pairing=34;m=+2,33.97056274847718,0.4945910303321958
published classical archive,pairing=34;m=+3,118.9915960451559,0.4668763164311856
published classical archive,pairing=34;m=+4,321.99689437999075,0.4494536692341847
published classical archive,pairing=34;m=+5,726.9986244815769,0.43846511601140736
published classical archive,pairing=35;m=-5,726.9986244815769,0.45486155775933795
published classical archive,pairing=35;m=-4,321.99689437999075,0.46882676562583814
published classical archive,pairing=35;m=-3,118.9915960451559,0.48880236373292957
published classical archive,pairing=35;m=-2,33.970562748477185,0.5172462407197758
published classical archive,pairing=35;m=-1,6.854101966249688,0.5545604345752152
published classical archive,pairing=35;m=+1,6.854101966249688,0.5551224216284286
published classical archive,pairing=35;m=+2,33.970562748477185,0.5165900905179576
published classical archive,pairing=35;m=+3,118.9915960451559,0.48850626030113975
published classical archive,pairing=35;m=+4,321.99689437999075,0.46941525204024115
published classical archive,pairing=35;m=+5,726.9986244815769,0.45612290804733896
published classical archive,pairing=36;m=-5,726.9986244815769,0.4869024496791871
published classical archive,pairing=36;m=-4,321.99689437999075,0.5008543045160861
published classical archive,pairing=36;m=-3,118.9915960451559,0.5197606186364867
published classical archive,pairing=36;m=-2,33.970562748477185,0.5439904549332039
published classical archive,pairing=36;m=-1,6.854101966249688,0.5691431490112175
published classical archive,pairing=36;m=+1,6.854101966249688,0.5627066340254018
published classical archive,pairing=36;m=+2,33.970562748477185,0.5344655634482355
published classical archive,pairing=36;m=+3,118.9915960451559,0.5107858840462883
published classical archive,pairing=36;m=+4,321.99689437999075,0.49353321371887693
published classical archive,pairing=36;m=+5,726.9986244815769,0.48118808222265047
published classical archive,pairing=37;m=-5,726.9986244815769,0.4959998177642575
published classical archive,pairing=37;m=-4,321.99689437999075,0.5066115711483482
published classical archive,pairing=37;m=-3,118.9915960451559,0.5213004922279519
published classical archive,pairing=37;m=-2,33.970562748477164,0.541014572746486
published classical archive,pairing=37;m=-1,6.854101966249688,0.5644893047287769
published classical archive,pairing=37;m=+1,6.854101966249688,0.572120354700066
published classical archive,pairing=37;m=+2,33.970562748477164,0.5513219805725287
published classical archive,pairing=37;m=+3,118.9915960451559,0.5311225437289521
published classical archive,pairing=37;m=+4,321.99689437999075,0.515306120855356
published classical archive,pairing=37;m=+5,726.9986244815769,0.5036144254133891
published classical archive,pairing=38;m=-5,726.9986244815769,0.5087785079386152
published classical archive,pairing=38;m=-4,321.99689437999075,0.5195854609388263
published classical archive,pairing=38;m=-3,118.9915960451559,0.5339575788286492
published classical archive,pairing=38;m=-2,33.970562748477164,0.5519797411253847
published classical archive,pairing=38;m=-1,6.854101966249688,0.5704604704062983
published classical archive,pairing=38;m=+1,6.854101966249688,0.5702581043566163
published classical archive,pairing=38;m=+2,33.970562748477164,0.551131828206079
published classical archive,pairing=38;m=+3,118.9915960451559,0.532790573965203
published classical archive,pairing=38;m=+4,321.99689437999075,0.5183486755765091
published classical archive,pairing=38;m=+5,726.9986244815769,0.5075857792347448
published classical archive,pairing=39;m=-5,726.9986244815769,0.4450640024109861
published classical archive,pairing=39;m=-4,321.99689437999075,0.4587999398795873
published classical archive,pairing=39;m=-3,118.9915960451559,0.4799162061755692
published classical archive,pairing=39;m=-2,33.970562748477185,0.511252050885319
published classical archive,pairing=39;m=-1,6.854101966249688,0.552966155800518
published classical archive,pairing=39;m=+1,6.854101966249688,0.5506154739362119
published classical archive,pairing=39;m=+2,33.970562748477185,0.5078548945110916
published classical archive,pairing=39;m=+3,118.9915960451559,0.4763659653904315
published classical archive,pairing=39;m=+4,321.99689437999075,0.45545099373130254
published classical archive,pairing=39;m=+5,726.9986244815769,0.44192714893737783
published classical archive,pairing=40;m=-5,726.9986244815769,0.44084546041771633
published classical archive,pairing=40;m=-4,321.99689437999075,0.4501133775113465
published classical archive,pairing=40;m=-3,118.9915960451559,0.4669050710418876
published classical archive,pairing=40;m=-2,33.970562748477185,0.49673955775951956
published classical archive,pairing=40;m=-1,6.854101966249688,0.545242853607077
published classical archive,pairing=40;m=+1,6.854101966249688,0.5365314560581135
published classical archive,pairing=40;m=+2,33.970562748477185,0.4894710550547886
published classical archive,pairing=40;m=+3,118.9915960451559,0.4616189309305905
published classical archive,pairing=40;m=+4,321.99689437999075,0.4463456376122827
published classical archive,pairing=40;m=+5,726.9986244815769,0.43833524132419965
published classical archive,pairing=41;m=-5,726.9986244815769,0.45077875816229934
published classical archive,pairing=41;m=-4,321.99689437999075,0.4630751361734493
published classical archive,pairing=41;m=-3,118.9915960451559,0.482094243100872
published classical archive,pairing=41;m=-2,33.970562748477185,0.5115221262278226
published classical archive,pairing=41;m=-1,6.854101966249688,0.5522892022642791
published classical archive,pairing=41;m=+1,6.854101966249688,0.5530854467472149
published classical archive,pairing=41;m=+2,33.970562748477185,0.5128815698020398
published classical archive,pairing=41;m=+3,118.9915960451559,0.4844459243679675
published classical archive,pairing=41;m=+4,321.99689437999075,0.4659211953670556
published classical archive,pairing=41;m=+5,726.9986244815769,0.45348702891625514
published classical archive,pairing=42;m=-5,726.9986244815769,0.4479189193123018
published classical archive,pairing=42;m=-4,321.99689437999075,0.45647464353723494
published classical archive,pairing=42;m=-3,118.9915960451559,0.47093931974428843
published classical archive,pairing=42;m=-2,33.970562748477185,0.4966828516286463
published classical archive,pairing=42;m=-1,6.854101966249688,0.5417914043764798
published classical archive,pairing=42;m=+1,6.854101966249688,0.5427927538311291
published classical archive,pairing=42;m=+2,33.970562748477185,0.49638135754977114
published classical archive,pairing=42;m=+3,118.9915960451559,0.46929159964573997
published classical archive,pairing=42;m=+4,321.99689437999075,0.4546568464141542
published classical archive,pairing=42;m=+5,726.9986244815769,0.44651803402911766
published classical archive,pairing=43;m=-5,726.9986244815769,0.48462281001285207
published classical archive,pairing=43;m=-4,321.99689437999075,0.5001073767305749
published classical archive,pairing=43;m=-3,118.9915960451559,0.5205379700852045
published classical archive,pairing=43;m=-2,33.970562748477185,0.5459651117819305
published classical archive,pairing=43;m=-1,6.854101966249688,0.5707660327091362
published classical archive,pairing=43;m=+1,6.854101966249688,0.565789907252334
published classical archive,pairing=43;m=+2,33.970562748477185,0.5397650051837256
published classical archive,pairing=43;m=+3,118.9915960451559,0.5150055422579642
published classical archive,pairing=43;m=+4,321.99689437999075,0.4955937556566175
published classical archive,pairing=43;m=+5,726.9986244815769,0.4810736851353692
published classical archive,pairing=44;m=-5,726.998624481578,0.46624324937444556
published classical archive,pairing=44;m=-4,321.99689437999075,0.4765226131993415
published classical archive,pairing=44;m=-3,118.99159604515596,0.492098504094717
published classical archive,pairing=44;m=-2,33.970562748477164,0.5165565584547382
published classical archive,pairing=44;m=-1,6.854101966249688,0.553773554777144
published classical archive,pairing=44;m=+1,6.854101966249688,0.5530966784705653
published classical archive,pairing=44;m=+2,33.970562748477164,0.5163974252539667
published classical archive,pairing=44;m=+3,118.99159604515596,0.4920899669196307
published classical archive,pairing=44;m=+4,321.99689437999075,0.4764459932830451
published classical archive,pairing=44;m=+5,726.998624481578,0.46603444320739096
published classical archive,pairing=45;m=-5,726.998624481578,0.4500910863095049
published classical archive,pairing=45;m=-4,321.99689437999075,0.4687419402428154
published classical archive,pairing=45;m=-3,118.99159604515596,0.4961605658860737
published classical archive,pairing=45;m=-2,33.970562748477185,0.5346345332056698
published classical archive,pairing=45;m=-1,6.854101966249688,0.5768165922170958
published classical archive,pairing=45;m=+1,6.854101966249688,0.5310371632522132
published classical archive,pairing=45;m=+2,33.970562748477185,0.4879775484316681
published classical archive,pairing=45;m=+3,118.99159604515596,0.4596927845031849
published classical archive,pairing=45;m=+4,321.99689437999075,0.44106952775808345
published classical archive,pairing=45;m=+5,726.998624481578,0.4287626191693267
published classical archive,pairing=46;m=-5,726.9986244815769,0.4762346813612831
published classical archive,pairing=46;m=-4,321.99689437999075,0.4839613510721003
published classical archive,pairing=46;m=-3,118.9915960451559,0.49726402861637337
published classical archive,pairing=46;m=-2,33.970562748477164,0.5201479086071364
published classical archive,pairing=46;m=-1,6.854101966249688,0.5555128674819013
published classical archive,pairing=46;m=+1,6.854101966249688,0.5551438288873762
published classical archive,pairing=46;m=+2,33.970562748477164,0.520322610124728
published classical archive,pairing=46;m=+3,118.9915960451559,0.49688863471744377
published classical archive,pairing=46;m=+4,321.99689437999075,0.4828605666725096
published classical archive,pairing=46;m=+5,726.9986244815769,0.47475718549295076
published classical archive,pairing=47;m=-5,726.9986244815769,0.41702661621929804
published classical archive,pairing=47;m=-4,321.99689437999075,0.4322171066802715
published classical archive,pairing=47;m=-3,118.9915960451559,0.45550400433685534
published classical archive,pairing=47;m=-2,33.970562748477185,0.4913350948347947
published classical archive,pairing=47;m=-1,6.854101966249688,0.542995336247728
published classical archive,pairing=47;m=+1,6.854101966249688,0.5388152997931408
published classical archive,pairing=47;m=+2,33.970562748477185,0.4862477815932709
published classical archive,pairing=47;m=+3,118.9915960451559,0.45154310453373764
published classical archive,pairing=47;m=+4,321.99689437999075,0.4297673391831457
published classical archive,pairing=47;m=+5,726.9986244815769,0.41579825546958815
published classical archive,pairing=48;m=-5,726.998624481578,0.4094349765909735
published classical archive,pairing=48;m=-4,321.99689437999075,0.4220053391965616
published classical archive,pairing=48;m=-3,118.99159604515596,0.4422788719509719
published classical archive,pairing=48;m=-2,33.97056274847718,0.47607371954003325
published classical archive,pairing=48;m=-1,6.854101966249688,0.531950609391884
published classical archive,pairing=48;m=+1,6.854101966249688,0.531452712986974
published classical archive,pairing=48;m=+2,33.97056274847718,0.47766378477371935
published classical archive,pairing=48;m=+3,118.99159604515596,0.4462498370277212
published classical archive,pairing=48;m=+4,321.99689437999075,0.428159990568854
published classical archive,pairing=48;m=+5,726.998624481578,0.41714736738582153
published classical archive,pairing=49;m=-5,726.9986244815769,0.44728641620018156
published classical archive,pairing=49;m=-4,321.99689437999075,0.45984876336287
published classical archive,pairing=49;m=-3,118.9915960451559,0.47836934728246583
published classical archive,pairing=49;m=-2,33.970562748477164,0.5059456484539833
published classical archive,pairing=49;m=-1,6.854101966249688,0.5441643227015748
published classical archive,pairing=49;m=+1,6.854101966249688,0.5704687383976224
published classical archive,pairing=49;m=+2,33.970562748477164,0.5312958164646332
published classical archive,pairing=49;m=+3,118.9915960451559,0.49783848091890615
published classical archive,pairing=49;m=+4,321.99689437999075,0.47499001691241255
published classical archive,pairing=49;m=+5,726.9986244815769,0.459608135616183
rebuilt classical 2000x2000,identity,1.0,0.6781699318349974
rebuilt classical 2000x2000,pairing=0;m=-5,726.9986244815418,0.5122549388434218
rebuilt classical 2000x2000,pairing=0;m=-4,321.9968943799908,0.5324945315598667
rebuilt classical 2000x2000,pairing=0;m=-3,118.99159604515542,0.5630910842396165
rebuilt classical 2000x2000,pairing=0;m=-2,33.970562748477114,0.607353686596754
rebuilt classical 2000x2000,pairing=0;m=-1,6.854101966249686,0.6605062258742712
rebuilt classical 2000x2000,pairing=0;m=+1,6.854101966249686,0.6325871329685049
rebuilt classical 2000x2000,pairing=0;m=+2,33.970562748477114,0.5813498709167739
rebuilt classical 2000x2000,pairing=0;m=+3,118.99159604515542,0.5438060326763468
rebuilt classical 2000x2000,pairing=0;m=+4,321.9968943799908,0.5186648633881131
rebuilt classical 2000x2000,pairing=0;m=+5,726.9986244815418,0.5021674939065299
rebuilt classical 2000x2000,pairing=1;m=-5,726.9986244815769,0.5215104961142069
rebuilt classical 2000x2000,pairing=1;m=-4,321.99689437999075,0.5390003387698972
rebuilt classical 2000x2000,pairing=1;m=-3,118.9915960451559,0.565961961977832
rebuilt classical 2000x2000,pairing=1;m=-2,33.970562748477164,0.6053164017565577
rebuilt classical 2000x2000,pairing=1;m=-1,6.854101966249688,0.6532423667850289
rebuilt classical 2000x2000,pairing=1;m=+1,6.854101966249688,0.6459053420727674
rebuilt classical 2000x2000,pairing=1;m=+2,33.970562748477164,0.597060793055356
rebuilt classical 2000x2000,pairing=1;m=+3,118.9915960451559,0.5593983319977398
rebuilt classical 2000x2000,pairing=1;m=+4,321.99689437999075,0.5344664884617468
rebuilt classical 2000x2000,pairing=1;m=+5,726.9986244815769,0.5185449063869203
rebuilt classical 2000x2000,pairing=2;m=-5,726.9986244815769,0.5188853695107466
rebuilt classical 2000x2000,pairing=2;m=-4,321.99689437999075,0.5350767254515568
rebuilt classical 2000x2000,pairing=2;m=-3,118.9915960451559,0.5596771413510936
rebuilt classical 2000x2000,pairing=2;m=-2,33.970562748477185,0.597632522573815
rebuilt classical 2000x2000,pairing=2;m=-1,6.854101966249688,0.6469171203722727
rebuilt classical 2000x2000,pairing=2;m=+1,6.854101966249688,0.6509037850282968
rebuilt classical 2000x2000,pairing=2;m=+2,33.970562748477185,0.6019864428414109
rebuilt classical 2000x2000,pairing=2;m=+3,118.9915960451559,0.562889788485216
rebuilt classical 2000x2000,pairing=2;m=+4,321.99689437999075,0.5368839355643924
rebuilt classical 2000x2000,pairing=2;m=+5,726.9986244815769,0.5198899157492843
rebuilt classical 2000x2000,pairing=3;m=-5,726.9986244815769,0.4927828709626164
rebuilt classical 2000x2000,pairing=3;m=-4,321.99689437999075,0.5112402613838631
rebuilt classical 2000x2000,pairing=3;m=-3,118.9915960451559,0.5394850237705162
rebuilt classical 2000x2000,pairing=3;m=-2,33.970562748477185,0.5829200090759107
rebuilt classical 2000x2000,pairing=3;m=-1,6.854101966249688,0.6414755369675
rebuilt classical 2000x2000,pairing=3;m=+1,6.854101966249688,0.640063068703061
rebuilt classical 2000x2000,pairing=3;m=+2,33.970562748477185,0.5823953929617689
rebuilt classical 2000x2000,pairing=3;m=+3,118.9915960451559,0.5396630169249793
rebuilt classical 2000x2000,pairing=3;m=+4,321.99689437999075,0.5114462508681911
rebuilt classical 2000x2000,pairing=3;m=+5,726.9986244815769,0.4928206856919812
rebuilt classical 2000x2000,pairing=4;m=-5,726.9986244815769,0.4974696788618106
rebuilt classical 2000x2000,pairing=4;m=-4,321.99689437999075,0.5150122837480049
rebuilt classical 2000x2000,pairing=4;m=-3,118.9915960451559,0.5424142115362895
rebuilt classical 2000x2000,pairing=4;m=-2,33.97056274847725,0.5845116788999739
rebuilt classical 2000x2000,pairing=4;m=-1,6.854101966249688,0.6411899843839256
rebuilt classical 2000x2000,pairing=4;m=+1,6.854101966249688,0.6434158921699392
rebuilt classical 2000x2000,pairing=4;m=+2,33.97056274847725,0.5869187569911919
rebuilt classical 2000x2000,pairing=4;m=+3,118.9915960451559,0.544045449293642
rebuilt classical 2000x2000,pairing=4;m=+4,321.99689437999075,0.5159742684835914
rebuilt classical 2000x2000,pairing=4;m=+5,726.9986244815769,0.49800067280263133
rebuilt classical 2000x2000,pairing=5;m=-5,726.9986244815769,0.5112535421485627
rebuilt classical 2000x2000,pairing=5;m=-4,321.99689437999075,0.5249475509458947
rebuilt classical 2000x2000,pairing=5;m=-3,118.9915960451559,0.5482303306209662
rebuilt classical 2000x2000,pairing=5;m=-2,33.970562748477164,0.5862819004748788
rebuilt classical 2000x2000,pairing=5;m=-1,6.854101966249688,0.6388886960966158
rebuilt classical 2000x2000,pairing=5;m=+1,6.854101966249688,0.6481941224658946
rebuilt classical 2000x2000,pairing=5;m=+2,33.970562748477164,0.5936682846370344
rebuilt classical 2000x2000,pairing=5;m=+3,118.9915960451559,0.5534112639450013
rebuilt classical 2000x2000,pairing=5;m=+4,321.99689437999075,0.5284538320461613
rebuilt classical 2000x2000,pairing=5;m=+5,726.9986244815769,0.5134500596756224
rebuilt classical 2000x2000,pairing=6;m=-5,726.9986244815769,0.49643035713844136
rebuilt classical 2000x2000,pairing=6;m=-4,321.99689437999075,0.5144069947849549
rebuilt classical 2000x2000,pairing=6;m=-3,118.9915960451559,0.542356046311158
rebuilt classical 2000x2000,pairing=6;m=-2,33.970562748477185,0.5855545975463852
rebuilt classical 2000x2000,pairing=6;m=-1,6.854101966249688,0.6431139311789356
rebuilt classical 2000x2000,pairing=6;m=+1,6.854101966249688,0.6412135688751699
rebuilt classical 2000x2000,pairing=6;m=+2,33.970562748477185,0.583884331226094
rebuilt classical 2000x2000,pairing=6;m=+3,118.9915960451559,0.5405566185735013
rebuilt classical 2000x2000,pairing=6;m=+4,321.99689437999075,0.5126133012138989
rebuilt classical 2000x2000,pairing=6;m=+5,726.9986244815769,0.49474327149619607
rebuilt classical 2000x2000,pairing=7;m=-5,726.9986244815769,0.508983175947804
rebuilt classical 2000x2000,pairing=7;m=-4,321.99689437999075,0.5254143362068423
rebuilt classical 2000x2000,pairing=7;m=-3,118.9915960451559,0.551290611167472
rebuilt classical 2000x2000,pairing=7;m=-2,33.970562748477185,0.5912273445280394
rebuilt classical 2000x2000,pairing=7;m=-1,6.854101966249688,0.6443041873439763
rebuilt classical 2000x2000,pairing=7;m=+1,6.854101966249688,0.6443827011433586
rebuilt classical 2000x2000,pairing=7;m=+2,33.970562748477185,0.5911101264155517
rebuilt classical 2000x2000,pairing=7;m=+3,118.9915960451559,0.550681646453706
rebuilt classical 2000x2000,pairing=7;m=+4,321.99689437999075,0.5244228677622349
rebuilt classical 2000x2000,pairing=7;m=+5,726.9986244815769,0.5079001315243532
rebuilt classical 2000x2000,pairing=8;m=-5,726.9986244815769,0.5009484930865942
rebuilt classical 2000x2000,pairing=8;m=-4,321.99689437999075,0.519085394374364
rebuilt classical 2000x2000,pairing=8;m=-3,118.9915960451559,0.5469836422001321
rebuilt classical 2000x2000,pairing=8;m=-2,33.970562748477185,0.5892162295777529
rebuilt classical 2000x2000,pairing=8;m=-1,6.854101966249688,0.6447817094378454
rebuilt classical 2000x2000,pairing=8;m=+1,6.854101966249688,0.6419679245659432
rebuilt classical 2000x2000,pairing=8;m=+2,33.970562748477185,0.5871300789414264
rebuilt classical 2000x2000,pairing=8;m=+3,118.9915960451559,0.5461754475386048
rebuilt classical 2000x2000,pairing=8;m=+4,321.99689437999075,0.5189698403584405
rebuilt classical 2000x2000,pairing=8;m=+5,726.9986244815769,0.5010453925585886
rebuilt classical 2000x2000,pairing=9;m=-5,726.9986244815769,0.5084023804981255
rebuilt classical 2000x2000,pairing=9;m=-4,321.99689437999075,0.5249762677401583
rebuilt classical 2000x2000,pairing=9;m=-3,118.9915960451559,0.5511349225945296
rebuilt classical 2000x2000,pairing=9;m=-2,33.970562748477185,0.5911764898044749
rebuilt classical 2000x2000,pairing=9;m=-1,6.854101966249688,0.6445327066620109
rebuilt classical 2000x2000,pairing=9;m=+1,6.854101966249688,0.6444859401646109
rebuilt classical 2000x2000,pairing=9;m=+2,33.970562748477185,0.591822048815277
rebuilt classical 2000x2000,pairing=9;m=+3,118.9915960451559,0.5518560420945587
rebuilt classical 2000x2000,pairing=9;m=+4,321.99689437999075,0.5255022252708661
rebuilt classical 2000x2000,pairing=9;m=+5,726.9986244815769,0.5087051372285067
rebuilt classical 2000x2000,pairing=10;m=-5,726.9986244815769,0.49728020837555675
rebuilt classical 2000x2000,pairing=10;m=-4,321.99689437999075,0.5161352905766988
rebuilt classical 2000x2000,pairing=10;m=-3,118.9915960451559,0.5448010711763146
rebuilt classical 2000x2000,pairing=10;m=-2,33.970562748477185,0.5873957214722181
rebuilt classical 2000x2000,pairing=10;m=-1,6.854101966249688,0.6431972530531237
rebuilt classical 2000x2000,pairing=10;m=+1,6.854101966249688,0.6426404975914599
rebuilt classical 2000x2000,pairing=10;m=+2,33.970562748477185,0.5867763968922823
rebuilt classical 2000x2000,pairing=10;m=+3,118.9915960451559,0.5443944129633087
rebuilt classical 2000x2000,pairing=10;m=+4,321.99689437999075,0.515918416409531
rebuilt classical 2000x2000,pairing=10;m=+5,726.9986244815769,0.49712822051042815
rebuilt classical 2000x2000,pairing=11;m=-5,726.9986244815769,0.515675458330734
rebuilt classical 2000x2000,pairing=11;m=-4,321.99689437999075,0.5308604545205655
rebuilt classical 2000x2000,pairing=11;m=-3,118.9915960451559,0.5555729010689657
rebuilt classical 2000x2000,pairing=11;m=-2,33.970562748477185,0.594675996916499
rebuilt classical 2000x2000,pairing=11;m=-1,6.854101966249688,0.6469277049895744
rebuilt classical 2000x2000,pairing=11;m=+1,6.854101966249688,0.6439086412243491
rebuilt classical 2000x2000,pairing=11;m=+2,33.970562748477185,0.5914776382779396
rebuilt classical 2000x2000,pairing=11;m=+3,118.9915960451559,0.5529260598351532
rebuilt classical 2000x2000,pairing=11;m=+4,321.99689437999075,0.5286337883528406
rebuilt classical 2000x2000,pairing=11;m=+5,726.9986244815769,0.513570275858173
rebuilt classical 2000x2000,pairing=12;m=-5,726.9986244815769,0.49379104732048323
rebuilt classical 2000x2000,pairing=12;m=-4,321.99689437999075,0.5116563818824901
rebuilt classical 2000x2000,pairing=12;m=-3,118.9915960451559,0.539207060582034
rebuilt classical 2000x2000,pairing=12;m=-2,33.970562748477185,0.5817297804275191
rebuilt classical 2000x2000,pairing=12;m=-1,6.854101966249688,0.6404515866672018
rebuilt classical 2000x2000,pairing=12;m=+1,6.854101966249688,0.6380655521639305
rebuilt classical 2000x2000,pairing=12;m=+2,33.970562748477185,0.5793552548765876
rebuilt classical 2000x2000,pairing=12;m=+3,118.9915960451559,0.5368494808036244
rebuilt classical 2000x2000,pairing=12;m=+4,321.99689437999075,0.509406525040494
rebuilt classical 2000x2000,pairing=12;m=+5,726.9986244815769,0.4916273035803396
rebuilt classical 2000x2000,pairing=13;m=-5,726.9986244815769,0.5116263035326178
rebuilt classical 2000x2000,pairing=13;m=-4,321.99689437999075,0.5275112571323954
rebuilt classical 2000x2000,pairing=13;m=-3,118.9915960451559,0.5526837565234157
rebuilt classical 2000x2000,pairing=13;m=-2,33.970562748477185,0.5919102779311446
rebuilt classical 2000x2000,pairing=13;m=-1,6.854101966249688,0.6448761982156748
rebuilt classical 2000x2000,pairing=13;m=+1,6.854101966249688,0.6434868113307536
rebuilt classical 2000x2000,pairing=13;m=+2,33.970562748477185,0.5893688849643632
rebuilt classical 2000x2000,pairing=13;m=+3,118.9915960451559,0.5500023561108449
rebuilt classical 2000x2000,pairing=13;m=+4,321.99689437999075,0.5252307116070692
rebuilt classical 2000x2000,pairing=13;m=+5,726.9986244815769,0.5097766842469785
rebuilt classical 2000x2000,pairing=14;m=-5,726.9986244815769,0.4911412132603634
rebuilt classical 2000x2000,pairing=14;m=-4,321.99689437999075,0.509491675720686
rebuilt classical 2000x2000,pairing=14;m=-3,118.9915960451559,0.5378157494679504
rebuilt classical 2000x2000,pairing=14;m=-2,33.970562748477185,0.5812394126052995
rebuilt classical 2000x2000,pairing=14;m=-1,6.854101966249688,0.6402461112895329
rebuilt classical 2000x2000,pairing=14;m=+1,6.854101966249688,0.6376971143539324
rebuilt classical 2000x2000,pairing=14;m=+2,33.970562748477185,0.5783832525665764
rebuilt classical 2000x2000,pairing=14;m=+3,118.9915960451559,0.5353912645079182
rebuilt classical 2000x2000,pairing=14;m=+4,321.99689437999075,0.5075168608368591
rebuilt classical 2000x2000,pairing=14;m=+5,726.9986244815769,0.48949051350225214
rebuilt classical 2000x2000,pairing=15;m=-5,726.998624481578,0.5081407542558564
rebuilt classical 2000x2000,pairing=15;m=-4,321.99689437999075,0.5233721510797984
rebuilt classical 2000x2000,pairing=15;m=-3,118.99159604515596,0.5483993084986796
rebuilt classical 2000x2000,pairing=15;m=-2,33.970562748477185,0.5888194056251334
rebuilt classical 2000x2000,pairing=15;m=-1,6.854101966249688,0.6443285537055554
rebuilt classical 2000x2000,pairing=15;m=+1,6.854101966249688,0.63992055058263
rebuilt classical 2000x2000,pairing=15;m=+2,33.970562748477185,0.5847446829813765
rebuilt classical 2000x2000,pairing=15;m=+3,118.99159604515596,0.5453243154573354
rebuilt classical 2000x2000,pairing=15;m=+4,321.99689437999075,0.5209506025797654
rebuilt classical 2000x2000,pairing=15;m=+5,726.998624481578,0.5061934986736907
rebuilt classical 2000x2000,pairing=16;m=-5,726.9986244815769,0.5018212051601376
rebuilt classical 2000x2000,pairing=16;m=-4,321.99689437999075,0.5199370694269224
rebuilt classical 2000x2000,pairing=16;m=-3,118.9915960451559,0.5478636773284751
rebuilt classical 2000x2000,pairing=16;m=-2,33.970562748477185,0.590144065443495
rebuilt classical 2000x2000,pairing=16;m=-1,6.854101966249688,0.6454215959733165
rebuilt classical 2000x2000,pairing=16;m=+1,6.854101966249688,0.6408209936170628
rebuilt classical 2000x2000,pairing=16;m=+2,33.970562748477185,0.5855003904908994
rebuilt classical 2000x2000,pairing=16;m=+3,118.9915960451559,0.544321453341871
rebuilt classical 2000x2000,pairing=16;m=+4,321.99689437999075,0.5171359339931183
rebuilt classical 2000x2000,pairing=16;m=+5,726.9986244815769,0.4994486032148986
rebuilt classical 2000x2000,pairing=17;m=-5,726.9986244815769,0.5184970393676249
rebuilt classical 2000x2000,pairing=17;m=-4,321.99689437999075,0.5318504164980605
rebuilt classical 2000x2000,pairing=17;m=-3,118.9915960451559,0.5532046641287758
rebuilt classical 2000x2000,pairing=17;m=-2,33.970562748477185,0.5899355365361653
rebuilt classical 2000x2000,pairing=17;m=-1,6.854101966249688,0.6433630073692705
rebuilt classical 2000x2000,pairing=17;m=+1,6.854101966249688,0.6443143503698323
rebuilt classical 2000x2000,pairing=17;m=+2,33.970562748477185,0.5904458778257433
rebuilt classical 2000x2000,pairing=17;m=+3,118.9915960451559,0.5522878327040002
rebuilt classical 2000x2000,pairing=17;m=+4,321.99689437999075,0.5297556133840036
rebuilt classical 2000x2000,pairing=17;m=+5,726.9986244815769,0.5158976651614702
rebuilt classical 2000x2000,pairing=18;m=-5,726.9986244815769,0.5159471599840968
rebuilt classical 2000x2000,pairing=18;m=-4,321.99689437999075,0.5339940926109699
rebuilt classical 2000x2000,pairing=18;m=-3,118.9915960451559,0.5618122796469153
rebuilt classical 2000x2000,pairing=18;m=-2,33.970562748477185,0.6021605882591866
rebuilt classical 2000x2000,pairing=18;m=-1,6.854101966249688,0.6516606426494818
rebuilt classical 2000x2000,pairing=18;m=+1,6.854101966249688,0.6452641525687637
rebuilt classical 2000x2000,pairing=18;m=+2,33.970562748477185,0.5963891858240516
rebuilt classical 2000x2000,pairing=18;m=+3,118.9915960451559,0.5578828669421613
rebuilt classical 2000x2000,pairing=18;m=+4,321.99689437999075,0.5314445050348243
rebuilt classical 2000x2000,pairing=18;m=+5,726.9986244815769,0.5142470659489227
rebuilt classical 2000x2000,pairing=19;m=-5,726.9986244815769,0.523647901323215
rebuilt classical 2000x2000,pairing=19;m=-4,321.99689437999075,0.5373068596499293
rebuilt classical 2000x2000,pairing=19;m=-3,118.9915960451559,0.558634688873225
rebuilt classical 2000x2000,pairing=19;m=-2,33.970562748477185,0.5944156542465883
rebuilt classical 2000x2000,pairing=19;m=-1,6.854101966249688,0.6450063164980108
rebuilt classical 2000x2000,pairing=19;m=+1,6.854101966249688,0.6491600681460616
rebuilt classical 2000x2000,pairing=19;m=+2,33.970562748477185,0.5989192133795951
rebuilt classical 2000x2000,pairing=19;m=+3,118.9915960451559,0.5623895418936822
rebuilt classical 2000x2000,pairing=19;m=+4,321.99689437999075,0.5409244533942558
rebuilt classical 2000x2000,pairing=19;m=+5,726.9986244815769,0.5272037735364268
rebuilt classical 2000x2000,pairing=20;m=-5,726.998624481578,0.49286797583458625
rebuilt classical 2000x2000,pairing=20;m=-4,321.99689437999075,0.5110381314304021
rebuilt classical 2000x2000,pairing=20;m=-3,118.99159604515596,0.5393927011264164
rebuilt classical 2000x2000,pairing=20;m=-2,33.970562748477185,0.5825621914319672
rebuilt classical 2000x2000,pairing=20;m=-1,6.854101966249688,0.640309367391144
rebuilt classical 2000x2000,pairing=20;m=+1,6.854101966249688,0.6416617239385961
rebuilt classical 2000x2000,pairing=20;m=+2,33.970562748477185,0.5840447551196702
rebuilt classical 2000x2000,pairing=20;m=+3,118.99159604515596,0.5404373432503344
rebuilt classical 2000x2000,pairing=20;m=+4,321.99689437999075,0.511677142249612
rebuilt classical 2000x2000,pairing=20;m=+5,726.998624481578,0.4932810366331112
rebuilt classical 2000x2000,pairing=21;m=-5,726.9986244815769,0.5078171812205825
rebuilt classical 2000x2000,pairing=21;m=-4,321.99689437999075,0.5253324946466517
rebuilt classical 2000x2000,pairing=21;m=-3,118.9915960451559,0.552239204360589
rebuilt classical 2000x2000,pairing=21;m=-2,33.970562748477185,0.5919755583555499
rebuilt classical 2000x2000,pairing=21;m=-1,6.854101966249688,0.6439156754948299
rebuilt classical 2000x2000,pairing=21;m=+1,6.854101966249688,0.6496925362652252
rebuilt classical 2000x2000,pairing=21;m=+2,33.970562748477185,0.5985444784110804
rebuilt classical 2000x2000,pairing=21;m=+3,118.9915960451559,0.5574401843858169
rebuilt classical 2000x2000,pairing=21;m=+4,321.99689437999075,0.5292765120281955
rebuilt classical 2000x2000,pairing=21;m=+5,726.9986244815769,0.5109672977733178
rebuilt classical 2000x2000,pairing=22;m=-5,726.9986244815769,0.49756195089046873
rebuilt classical 2000x2000,pairing=22;m=-4,321.99689437999075,0.5145247930086583
rebuilt classical 2000x2000,pairing=22;m=-3,118.9915960451559,0.5410221247184961
rebuilt classical 2000x2000,pairing=22;m=-2,33.97056274847714,0.5815556228229053
rebuilt classical 2000x2000,pairing=22;m=-1,6.854101966249688,0.6369671832552604
rebuilt classical 2000x2000,pairing=22;m=+1,6.854101966249688,0.6482875447125757
rebuilt classical 2000x2000,pairing=22;m=+2,33.97056274847714,0.5918209007951143
rebuilt classical 2000x2000,pairing=22;m=+3,118.9915960451559,0.5476673751191516
rebuilt classical 2000x2000,pairing=22;m=+4,321.99689437999075,0.518858936191765
rebuilt classical 2000x2000,pairing=22;m=+5,726.9986244815769,0.5008656626295082
rebuilt classical 2000x2000,pairing=23;m=-5,726.9986244815769,0.4946850860429278
rebuilt classical 2000x2000,pairing=23;m=-4,321.99689437999075,0.513131104822419
rebuilt classical 2000x2000,pairing=23;m=-3,118.9915960451559,0.5418049755389968
rebuilt classical 2000x2000,pairing=23;m=-2,33.970562748477185,0.5852684793103029
rebuilt classical 2000x2000,pairing=23;m=-1,6.854101966249688,0.6424317770393619
rebuilt classical 2000x2000,pairing=23;m=+1,6.854101966249688,0.6403711636214863
rebuilt classical 2000x2000,pairing=23;m=+2,33.970562748477185,0.5829544316713811
rebuilt classical 2000x2000,pairing=23;m=+3,118.9915960451559,0.5400462604128223
rebuilt classical 2000x2000,pairing=23;m=+4,321.99689437999075,0.5118793969756015
rebuilt classical 2000x2000,pairing=23;m=+5,726.9986244815769,0.49376895879560107
rebuilt classical 2000x2000,pairing=24;m=-5,726.9986244815769,0.5086404082046292
rebuilt classical 2000x2000,pairing=24;m=-4,321.99689437999075,0.5263785591120008
rebuilt classical 2000x2000,pairing=24;m=-3,118.9915960451559,0.553644158191236
rebuilt classical 2000x2000,pairing=24;m=-2,33.970562748477185,0.5942021396452795
rebuilt classical 2000x2000,pairing=24;m=-1,6.854101966249688,0.6468228769944062
rebuilt classical 2000x2000,pairing=24;m=+1,6.854101966249688,0.6425168690153745
rebuilt classical 2000x2000,pairing=24;m=+2,33.970562748477185,0.5898012351957708
rebuilt classical 2000x2000,pairing=24;m=+3,118.9915960451559,0.5502191632787867
rebuilt classical 2000x2000,pairing=24;m=+4,321.99689437999075,0.523964295063626
rebuilt classical 2000x2000,pairing=24;m=+5,726.9986244815769,0.5070609868813348
rebuilt classical 2000x2000,pairing=25;m=-5,726.998624481578,0.5113487553409872
rebuilt classical 2000x2000,pairing=25;m=-4,321.99689437999075,0.5274472964813951
rebuilt classical 2000x2000,pairing=25;m=-3,118.99159604515596,0.5526326735854784
rebuilt classical 2000x2000,pairing=25;m=-2,33.97056274847718,0.592036775577893
rebuilt classical 2000x2000,pairing=25;m=-1,6.854101966249688,0.6444491901188675
rebuilt classical 2000x2000,pairing=25;m=+1,6.854101966249688,0.6475671567037863
rebuilt classical 2000x2000,pairing=25;m=+2,33.97056274847718,0.5949921623628064
rebuilt classical 2000x2000,pairing=25;m=+3,118.99159604515596,0.5544475782095953
rebuilt classical 2000x2000,pairing=25;m=+4,321.99689437999075,0.528209087200085
rebuilt classical 2000x2000,pairing=25;m=+5,726.998624481578,0.511111409691394
rebuilt classical 2000x2000,pairing=26;m=-5,726.9986244815769,0.5026056869632561
rebuilt classical 2000x2000,pairing=26;m=-4,321.99689437999075,0.5199220012380164
rebuilt classical 2000x2000,pairing=26;m=-3,118.9915960451559,0.5465915096533662
rebuilt classical 2000x2000,pairing=26;m=-2,33.970562748477185,0.586963843523727
rebuilt classical 2000x2000,pairing=26;m=-1,6.854101966249688,0.6415676648577338
rebuilt classical 2000x2000,pairing=26;m=+1,6.854101966249688,0.6436823986805239
rebuilt classical 2000x2000,pairing=26;m=+2,33.970562748477185,0.5886333402454932
rebuilt classical 2000x2000,pairing=26;m=+3,118.9915960451559,0.5471667361619416
rebuilt classical 2000x2000,pairing=26;m=+4,321.99689437999075,0.5196660607609921
rebuilt classical 2000x2000,pairing=26;m=+5,726.9986244815769,0.5018299433234288
rebuilt classical 2000x2000,pairing=27;m=-5,726.9986244815769,0.5245598455054427
rebuilt classical 2000x2000,pairing=27;m=-4,321.99689437999075,0.5381601144160371
rebuilt classical 2000x2000,pairing=27;m=-3,118.9915960451559,0.5606329711730045
rebuilt classical 2000x2000,pairing=27;m=-2,33.970562748477185,0.5983369445022483
rebuilt classical 2000x2000,pairing=27;m=-1,6.854101966249688,0.6495922634112918
rebuilt classical 2000x2000,pairing=27;m=+1,6.854101966249688,0.6426581786413106
rebuilt classical 2000x2000,pairing=27;m=+2,33.970562748477185,0.5921127346778233
rebuilt classical 2000x2000,pairing=27;m=+3,118.9915960451559,0.5571661904799899
rebuilt classical 2000x2000,pairing=27;m=+4,321.99689437999075,0.5367258556050147
rebuilt classical 2000x2000,pairing=27;m=+5,726.9986244815769,0.5245114065223985
rebuilt classical 2000x2000,pairing=28;m=-5,726.998624481578,0.5171701253033282
rebuilt classical 2000x2000,pairing=28;m=-4,321.99689437999075,0.5308180552221518
rebuilt classical 2000x2000,pairing=28;m=-3,118.99159604515596,0.553559955941582
rebuilt classical 2000x2000,pairing=28;m=-2,33.970562748477164,0.5908472370292799
rebuilt classical 2000x2000,pairing=28;m=-1,6.854101966249688,0.6427326666978874
rebuilt classical 2000x2000,pairing=28;m=+1,6.854101966249688,0.6496560208521025
rebuilt classical 2000x2000,pairing=28;m=+2,33.970562748477164,0.5979801512932263
rebuilt classical 2000x2000,pairing=28;m=+3,118.99159604515596,0.5587651900956246
rebuilt classical 2000x2000,pairing=28;m=+4,321.99689437999075,0.5342051778091785
rebuilt classical 2000x2000,pairing=28;m=+5,726.998624481578,0.5192065470026197
rebuilt classical 2000x2000,pairing=29;m=-5,726.998624481578,0.5063590114388632
rebuilt classical 2000x2000,pairing=29;m=-4,321.99689437999075,0.5247555247609176
rebuilt classical 2000x2000,pairing=29;m=-3,118.99159604515596,0.5524313917822613
rebuilt classical 2000x2000,pairing=29;m=-2,33.970562748477185,0.592931523521756
rebuilt classical 2000x2000,pairing=29;m=-1,6.854101966249688,0.64491434401124
rebuilt classical 2000x2000,pairing=29;m=+1,6.854101966249688,0.6475026814165808
rebuilt classical 2000x2000,pairing=29;m=+2,33.970562748477185,0.5957289438796758
rebuilt classical 2000x2000,pairing=29;m=+3,118.99159604515596,0.5547462454079887
rebuilt classical 2000x2000,pairing=29;m=+4,321.99689437999075,0.5265852825245031
rebuilt classical 2000x2000,pairing=29;m=+5,726.998624481578,0.5078097116654438
rebuilt classical 2000x2000,pairing=30;m=-5,726.9986244815769,0.5013714624368211
rebuilt classical 2000x2000,pairing=30;m=-4,321.99689437999075,0.5183995980255097
rebuilt classical 2000x2000,pairing=30;m=-3,118.9915960451559,0.5448774014134516
rebuilt classical 2000x2000,pairing=30;m=-2,33.970562748477185,0.5859782065960623
rebuilt classical 2000x2000,pairing=30;m=-1,6.854101966249688,0.6422899900569308
rebuilt classical 2000x2000,pairing=30;m=+1,6.854101966249688,0.640438123877756
rebuilt classical 2000x2000,pairing=30;m=+2,33.970562748477185,0.5841348213083303
rebuilt classical 2000x2000,pairing=30;m=+3,118.9915960451559,0.5430945270839325
rebuilt classical 2000x2000,pairing=30;m=+4,321.99689437999075,0.5168961720705079
rebuilt classical 2000x2000,pairing=30;m=+5,726.9986244815769,0.5002030857926153
rebuilt classical 2000x2000,pairing=31;m=-5,726.9986244815769,0.5051139101026092
rebuilt classical 2000x2000,pairing=31;m=-4,321.99689437999075,0.5223870806565658
rebuilt classical 2000x2000,pairing=31;m=-3,118.9915960451559,0.5496256650698659
rebuilt classical 2000x2000,pairing=31;m=-2,33.970562748477185,0.5905942035204615
rebuilt classical 2000x2000,pairing=31;m=-1,6.854101966249688,0.6436471914022216
rebuilt classical 2000x2000,pairing=31;m=+1,6.854101966249688,0.6475106358738031
rebuilt classical 2000x2000,pairing=31;m=+2,33.970562748477185,0.5943249719323809
rebuilt classical 2000x2000,pairing=31;m=+3,118.9915960451559,0.5522551559992082
rebuilt classical 2000x2000,pairing=31;m=+4,321.99689437999075,0.5242049671675482
rebuilt classical 2000x2000,pairing=31;m=+5,726.9986244815769,0.5067455662677249
rebuilt classical 2000x2000,pairing=32;m=-5,726.998624481578,0.5287814677835339
rebuilt classical 2000x2000,pairing=32;m=-4,321.99689437999075,0.5426949019455181
rebuilt classical 2000x2000,pairing=32;m=-3,118.99159604515596,0.5648017623642021
rebuilt classical 2000x2000,pairing=32;m=-2,33.970562748477185,0.6003347125330281
rebuilt classical 2000x2000,pairing=32;m=-1,6.854101966249688,0.6482642055064328
rebuilt classical 2000x2000,pairing=32;m=+1,6.854101966249688,0.6495904230978351
rebuilt classical 2000x2000,pairing=32;m=+2,33.970562748477185,0.6018986542501772
rebuilt classical 2000x2000,pairing=32;m=+3,118.99159604515596,0.5656445592291525
rebuilt classical 2000x2000,pairing=32;m=+4,321.99689437999075,0.5429869092249595
rebuilt classical 2000x2000,pairing=32;m=+5,726.998624481578,0.5288444458663494
rebuilt classical 2000x2000,pairing=33;m=-5,726.9986244815769,0.5068059907239706
rebuilt classical 2000x2000,pairing=33;m=-4,321.99689437999075,0.5256893141054139
rebuilt classical 2000x2000,pairing=33;m=-3,118.9915960451559,0.5539959639505728
rebuilt classical 2000x2000,pairing=33;m=-2,33.970562748477185,0.5952004380552295
rebuilt classical 2000x2000,pairing=33;m=-1,6.854101966249688,0.6474610637313581
rebuilt classical 2000x2000,pairing=33;m=+1,6.854101966249688,0.6451033028584802
rebuilt classical 2000x2000,pairing=33;m=+2,33.970562748477185,0.5930966848779113
rebuilt classical 2000x2000,pairing=33;m=+3,118.9915960451559,0.5524552747151791
rebuilt classical 2000x2000,pairing=33;m=+4,321.99689437999075,0.5244692487359333
rebuilt classical 2000x2000,pairing=33;m=+5,726.9986244815769,0.5057291515917954
rebuilt classical 2000x2000,pairing=34;m=-5,726.9986244815769,0.5261532921018701
rebuilt classical 2000x2000,pairing=34;m=-4,321.99689437999075,0.5429085210186917
rebuilt classical 2000x2000,pairing=34;m=-3,118.9915960451559,0.5680768146242722
rebuilt classical 2000x2000,pairing=34;m=-2,33.970562748477164,0.6043999417086141
rebuilt classical 2000x2000,pairing=34;m=-1,6.854101966249688,0.6500928896463599
rebuilt classical 2000x2000,pairing=34;m=+1,6.854101966249688,0.6522551958539073
rebuilt classical 2000x2000,pairing=34;m=+2,33.970562748477164,0.6072165857465023
rebuilt classical 2000x2000,pairing=34;m=+3,118.9915960451559,0.5705216392910686
rebuilt classical 2000x2000,pairing=34;m=+4,321.99689437999075,0.5449153256276755
rebuilt classical 2000x2000,pairing=34;m=+5,726.9986244815769,0.5278870639498493
rebuilt classical 2000x2000,pairing=35;m=-5,726.998624481578,0.5126437389944722
rebuilt classical 2000x2000,pairing=35;m=-4,321.99689437999075,0.5265698635851189
rebuilt classical 2000x2000,pairing=35;m=-3,118.99159604515596,0.550449911835186
rebuilt classical 2000x2000,pairing=35;m=-2,33.970562748477185,0.5891132611614044
rebuilt classical 2000x2000,pairing=35;m=-1,6.854101966249688,0.6425273521146487
rebuilt classical 2000x2000,pairing=35;m=+1,6.854101966249688,0.6448153276662039
rebuilt classical 2000x2000,pairing=35;m=+2,33.970562748477185,0.5920278163234527
rebuilt classical 2000x2000,pairing=35;m=+3,118.99159604515596,0.5531174155877376
rebuilt classical 2000x2000,pairing=35;m=+4,321.99689437999075,0.5286518256724914
rebuilt classical 2000x2000,pairing=35;m=+5,726.998624481578,0.5141881253782428
rebuilt classical 2000x2000,pairing=36;m=-5,726.9986244815769,0.4994518401378579
rebuilt classical 2000x2000,pairing=36;m=-4,321.99689437999075,0.5182592971551802
rebuilt classical 2000x2000,pairing=36;m=-3,118.9915960451559,0.5464990609522482
rebuilt classical 2000x2000,pairing=36;m=-2,33.970562748477164,0.5883555128003793
rebuilt classical 2000x2000,pairing=36;m=-1,6.854101966249688,0.6427703136851878
rebuilt classical 2000x2000,pairing=36;m=+1,6.854101966249688,0.6449581700909782
rebuilt classical 2000x2000,pairing=36;m=+2,33.970562748477164,0.5900496097978418
rebuilt classical 2000x2000,pairing=36;m=+3,118.9915960451559,0.5473696736371875
rebuilt classical 2000x2000,pairing=36;m=+4,321.99689437999075,0.5185409349753526
rebuilt classical 2000x2000,pairing=36;m=+5,726.9986244815769,0.4994301844208945
rebuilt classical 2000x2000,pairing=37;m=-5,726.9986244815769,0.515961316317169
rebuilt classical 2000x2000,pairing=37;m=-4,321.99689437999075,0.5304440360621301
rebuilt classical 2000x2000,pairing=37;m=-3,118.9915960451559,0.5542678025812897
rebuilt classical 2000x2000,pairing=37;m=-2,33.970562748477185,0.5927537477252208
rebuilt classical 2000x2000,pairing=37;m=-1,6.854101966249688,0.6456714280784271
rebuilt classical 2000x2000,pairing=37;m=+1,6.854101966249688,0.6426984671626375
rebuilt classical 2000x2000,pairing=37;m=+2,33.970562748477185,0.5899811732156585
rebuilt classical 2000x2000,pairing=37;m=+3,118.9915960451559,0.5522093998209133
rebuilt classical 2000x2000,pairing=37;m=+4,321.99689437999075,0.5289246386888934
rebuilt classical 2000x2000,pairing=37;m=+5,726.9986244815769,0.5148372379681321
rebuilt classical 2000x2000,pairing=38;m=-5,726.9986244815769,0.5086666891291853
rebuilt classical 2000x2000,pairing=38;m=-4,321.99689437999075,0.5248656942264526
rebuilt classical 2000x2000,pairing=38;m=-3,118.9915960451559,0.5499764966460354
rebuilt classical 2000x2000,pairing=38;m=-2,33.970562748477185,0.5879042045488314
rebuilt classical 2000x2000,pairing=38;m=-1,6.854101966249688,0.6391499442734908
rebuilt classical 2000x2000,pairing=38;m=+1,6.854101966249688,0.6527442743110358
rebuilt classical 2000x2000,pairing=38;m=+2,33.970562748477185,0.6007616895929597
rebuilt classical 2000x2000,pairing=38;m=+3,118.9915960451559,0.5590564753982098
rebuilt classical 2000x2000,pairing=38;m=+4,321.99689437999075,0.5307648188535906
rebuilt classical 2000x2000,pairing=38;m=+5,726.9986244815769,0.5124157372868076
rebuilt classical 2000x2000,pairing=39;m=-5,726.9986244815769,0.4953582567231252
rebuilt classical 2000x2000,pairing=39;m=-4,321.99689437999075,0.5147907019395332
rebuilt classical 2000x2000,pairing=39;m=-3,118.9915960451559,0.5440816495656593
rebuilt classical 2000x2000,pairing=39;m=-2,33.970562748477185,0.5872401102270964
rebuilt classical 2000x2000,pairing=39;m=-1,6.854101966249688,0.643223389302634
rebuilt classical 2000x2000,pairing=39;m=+1,6.854101966249688,0.6413082028306469
rebuilt classical 2000x2000,pairing=39;m=+2,33.970562748477185,0.5852188606031776
rebuilt classical 2000x2000,pairing=39;m=+3,118.9915960451559,0.5428094208369545
rebuilt classical 2000x2000,pairing=39;m=+4,321.99689437999075,0.5139789078764543
rebuilt classical 2000x2000,pairing=39;m=+5,726.9986244815769,0.4946749204519687
rebuilt classical 2000x2000,pairing=40;m=-5,726.9986244815769,0.49478413275387123
rebuilt classical 2000x2000,pairing=40;m=-4,321.99689437999075,0.5132029518221719
rebuilt classical 2000x2000,pairing=40;m=-3,118.9915960451559,0.5414831343793336
rebuilt classical 2000x2000,pairing=40;m=-2,33.970562748477164,0.5841906305259522
rebuilt classical 2000x2000,pairing=40;m=-1,6.854101966249688,0.6413433239123876
rebuilt classical 2000x2000,pairing=40;m=+1,6.854101966249688,0.6407340817270913
rebuilt classical 2000x2000,pairing=40;m=+2,33.970562748477164,0.5836309965864237
rebuilt classical 2000x2000,pairing=40;m=+3,118.9915960451559,0.5414003669772418
rebuilt classical 2000x2000,pairing=40;m=+4,321.99689437999075,0.513537253620698
rebuilt classical 2000x2000,pairing=40;m=+5,726.9986244815769,0.495332706837881
rebuilt classical 2000x2000,pairing=41;m=-5,726.9986244815769,0.5107785097788473
rebuilt classical 2000x2000,pairing=41;m=-4,321.99689437999075,0.5285558360188893
rebuilt classical 2000x2000,pairing=41;m=-3,118.9915960451559,0.5554351785280207
rebuilt classical 2000x2000,pairing=41;m=-2,33.970562748477185,0.5958862668635101
rebuilt classical 2000x2000,pairing=41;m=-1,6.854101966249688,0.6476454381508605
rebuilt classical 2000x2000,pairing=41;m=+1,6.854101966249688,0.6462765726105842
rebuilt classical 2000x2000,pairing=41;m=+2,33.970562748477185,0.5946253434876643
rebuilt classical 2000x2000,pairing=41;m=+3,118.9915960451559,0.5548679583606474
rebuilt classical 2000x2000,pairing=41;m=+4,321.99689437999075,0.5284312743845342
rebuilt classical 2000x2000,pairing=41;m=+5,726.9986244815769,0.5108825895886482
rebuilt classical 2000x2000,pairing=42;m=-5,726.9986244815769,0.4974631447507479
rebuilt classical 2000x2000,pairing=42;m=-4,321.99689437999075,0.5167967599798406
rebuilt classical 2000x2000,pairing=42;m=-3,118.9915960451559,0.5460588697279769
rebuilt classical 2000x2000,pairing=42;m=-2,33.970562748477185,0.5891701029074102
rebuilt classical 2000x2000,pairing=42;m=-1,6.854101966249688,0.6450184354483076
rebuilt classical 2000x2000,pairing=42;m=+1,6.854101966249688,0.6403861729605913
rebuilt classical 2000x2000,pairing=42;m=+2,33.970562748477185,0.5846713932732677
rebuilt classical 2000x2000,pairing=42;m=+3,118.9915960451559,0.5427857550441297
rebuilt classical 2000x2000,pairing=42;m=+4,321.99689437999075,0.5145913728380975
rebuilt classical 2000x2000,pairing=42;m=+5,726.9986244815769,0.4959119233902536
rebuilt classical 2000x2000,pairing=43;m=-5,726.9986244815769,0.4919655401326148
rebuilt classical 2000x2000,pairing=43;m=-4,321.99689437999075,0.5111252969321443
rebuilt classical 2000x2000,pairing=43;m=-3,118.9915960451559,0.5399135109858993
rebuilt classical 2000x2000,pairing=43;m=-2,33.970562748477185,0.5825786532623405
rebuilt classical 2000x2000,pairing=43;m=-1,6.854101966249688,0.6395653397510696
rebuilt classical 2000x2000,pairing=43;m=+1,6.854101966249688,0.6427770673348991
rebuilt classical 2000x2000,pairing=43;m=+2,33.970562748477185,0.5845597358946507
rebuilt classical 2000x2000,pairing=43;m=+3,118.9915960451559,0.540788835455899
rebuilt classical 2000x2000,pairing=43;m=+4,321.99689437999075,0.5114374734024734
rebuilt classical 2000x2000,pairing=43;m=+5,726.9986244815769,0.4919145124253032
rebuilt classical 2000x2000,pairing=44;m=-5,726.9986244815769,0.5033468892363515
rebuilt classical 2000x2000,pairing=44;m=-4,321.99689437999075,0.5202856525531113
rebuilt classical 2000x2000,pairing=44;m=-3,118.9915960451559,0.5464152019446143
rebuilt classical 2000x2000,pairing=44;m=-2,33.970562748477185,0.5852077204302999
rebuilt classical 2000x2000,pairing=44;m=-1,6.854101966249688,0.6373741289732396
rebuilt classical 2000x2000,pairing=44;m=+1,6.854101966249688,0.656672871424867
rebuilt classical 2000x2000,pairing=44;m=+2,33.970562748477185,0.60582391921118
rebuilt classical 2000x2000,pairing=44;m=+3,118.9915960451559,0.5626088319999412
rebuilt classical 2000x2000,pairing=44;m=+4,321.99689437999075,0.5321914503382332
rebuilt classical 2000x2000,pairing=44;m=+5,726.9986244815769,0.5122790177921285
rebuilt classical 2000x2000,pairing=45;m=-5,726.9986244815769,0.5061521512835173
rebuilt classical 2000x2000,pairing=45;m=-4,321.99689437999075,0.5213563092229384
rebuilt classical 2000x2000,pairing=45;m=-3,118.9915960451559,0.5457888002236035
rebuilt classical 2000x2000,pairing=45;m=-2,33.970562748477185,0.5852950839935026
rebuilt classical 2000x2000,pairing=45;m=-1,6.854101966249688,0.6408797950767807
rebuilt classical 2000x2000,pairing=45;m=+1,6.854101966249688,0.6433869520132653
rebuilt classical 2000x2000,pairing=45;m=+2,33.970562748477185,0.5879075923659466
rebuilt classical 2000x2000,pairing=45;m=+3,118.9915960451559,0.5475796266700322
rebuilt classical 2000x2000,pairing=45;m=+4,321.99689437999075,0.5224666429774301
rebuilt classical 2000x2000,pairing=45;m=+5,726.9986244815769,0.5068822052713837
rebuilt classical 2000x2000,pairing=46;m=-5,726.998624481578,0.4936589486518508
rebuilt classical 2000x2000,pairing=46;m=-4,321.99689437999075,0.5126002256194312
rebuilt classical 2000x2000,pairing=46;m=-3,118.99159604515596,0.5412612320225019
rebuilt classical 2000x2000,pairing=46;m=-2,33.970562748477164,0.5841772979483901
rebuilt classical 2000x2000,pairing=46;m=-1,6.854101966249688,0.6411545777125603
rebuilt classical 2000x2000,pairing=46;m=+1,6.854101966249688,0.643632957194795
rebuilt classical 2000x2000,pairing=46;m=+2,33.970562748477164,0.58718098324241
rebuilt classical 2000x2000,pairing=46;m=+3,118.99159604515596,0.5436199404974031
rebuilt classical 2000x2000,pairing=46;m=+4,321.99689437999075,0.5141832861109744
rebuilt classical 2000x2000,pairing=46;m=+5,726.998624481578,0.49478078323997315
rebuilt classical 2000x2000,pairing=47;m=-5,726.9986244815769,0.48770450095170553
rebuilt classical 2000x2000,pairing=47;m=-4,321.99689437999075,0.5066006976772017
rebuilt classical 2000x2000,pairing=47;m=-3,118.9915960451559,0.5359816480908389
rebuilt classical 2000x2000,pairing=47;m=-2,33.970562748477185,0.5808178514138184
rebuilt classical 2000x2000,pairing=47;m=-1,6.854101966249688,0.6400327124396097
rebuilt classical 2000x2000,pairing=47;m=+1,6.854101966249688,0.6409567259907731
rebuilt classical 2000x2000,pairing=47;m=+2,33.970562748477185,0.5813842584619532
rebuilt classical 2000x2000,pairing=47;m=+3,118.9915960451559,0.5360298303167407
rebuilt classical 2000x2000,pairing=47;m=+4,321.99689437999075,0.5062652569228987
rebuilt classical 2000x2000,pairing=47;m=+5,726.9986244815769,0.48726210401211645
rebuilt classical 2000x2000,pairing=48;m=-5,726.9986244815769,0.49243991942062076
rebuilt classical 2000x2000,pairing=48;m=-4,321.99689437999075,0.5133917955391738
rebuilt classical 2000x2000,pairing=48;m=-3,118.9915960451559,0.5445603813444547
rebuilt classical 2000x2000,pairing=48;m=-2,33.970562748477185,0.5889657515282251
rebuilt classical 2000x2000,pairing=48;m=-1,6.854101966249688,0.6443972798528844
rebuilt classical 2000x2000,pairing=48;m=+1,6.854101966249688,0.6431706659252299
rebuilt classical 2000x2000,pairing=48;m=+2,33.970562748477185,0.5874485891071777
rebuilt classical 2000x2000,pairing=48;m=+3,118.9915960451559,0.5432986628898344
rebuilt classical 2000x2000,pairing=48;m=+4,321.99689437999075,0.512389082219809
rebuilt classical 2000x2000,pairing=48;m=+5,726.9986244815769,0.49154710474414137
rebuilt classical 2000x2000,pairing=49;m=-5,726.9986244815769,0.4908039926877893
rebuilt classical 2000x2000,pairing=49;m=-4,321.99689437999075,0.5110811718376773
rebuilt classical 2000x2000,pairing=49;m=-3,118.9915960451559,0.5408349698263691
rebuilt classical 2000x2000,pairing=49;m=-2,33.970562748477185,0.5845133214405344
rebuilt classical 2000x2000,pairing=49;m=-1,6.854101966249688,0.6416865954977128
rebuilt classical 2000x2000,pairing=49;m=+1,6.854101966249688,0.6416482344601693
rebuilt classical 2000x2000,pairing=49;m=+2,33.970562748477185,0.5842313293874266
rebuilt classical 2000x2000,pairing=49;m=+3,118.9915960451559,0.5401502859764873
rebuilt classical 2000x2000,pairing=49;m=+4,321.99689437999075,0.5099713720840897
rebuilt classical 2000x2000,pairing=49;m=+5,726.9986244815769,0.4896017851370528
